timestamp,lat,lon,altitude,speed_kmh,speed2d_kmh,speed3d_kmh,dop,fix,g_force
0.000,22.986358,113.352867,15.0,57.9,57.9,61.1,1.3,3,1.73
0.100,22.986344,113.352867,15.0,55.5,55.5,57.9,1.3,3,1.91
0.200,22.986331,113.352867,15.0,54.2,54.2,55.5,1.3,3,2.06
0.300,22.986318,113.352865,15.0,52.2,52.2,54.2,1.3,3,1.92
0.400,22.986305,113.352861,15.0,51.0,51.0,52.2,1.3,3,1.95
0.500,22.986294,113.352857,15.1,48.4,48.4,50.9,1.3,3,1.84
0.600,22.986283,113.352852,15.0,47.3,47.3,48.4,1.3,3,1.74
0.700,22.986273,113.352846,15.1,46.8,46.8,47.3,1.3,3,1.85
0.800,22.986264,113.352839,15.1,44.5,44.5,46.8,1.2,3,1.77
0.900,22.986255,113.352831,15.1,43.9,43.9,44.5,1.2,3,1.71
1.000,22.986248,113.352822,15.1,44.4,44.4,43.9,1.3,3,2.00
1.100,22.986241,113.352813,15.1,42.3,42.3,44.4,1.2,3,1.92
1.200,22.986235,113.352804,15.1,41.2,41.2,42.3,1.2,3,1.43
1.300,22.986231,113.352794,15.1,40.2,40.2,41.3,1.2,3,1.56
1.400,22.986227,113.352784,15.1,39.7,39.7,40.2,1.2,3,1.57
1.500,22.986225,113.352774,15.2,36.8,36.8,39.7,1.2,3,1.32
1.600,22.986224,113.352765,15.2,34.5,34.5,36.8,1.2,3,1.25
1.700,22.986224,113.352755,15.1,35.7,35.7,34.5,1.2,3,1.44
1.800,22.986225,113.352746,15.2,31.7,31.7,35.7,1.2,3,1.52
1.900,22.986228,113.352736,15.2,40.3,40.3,31.8,1.2,3,1.43
2.000,22.986231,113.352726,15.2,39.8,39.8,40.3,1.2,3,1.40
2.100,22.986235,113.352717,15.3,37.1,37.1,39.8,1.2,3,1.39
2.200,22.986241,113.352709,15.3,36.3,36.3,37.0,1.2,3,1.53
2.300,22.986246,113.352700,15.3,38.4,38.4,36.3,1.2,3,1.57
2.400,22.986252,113.352693,15.3,36.7,36.7,38.4,1.2,3,1.57
2.500,22.986260,113.352687,15.3,37.8,37.8,36.7,1.3,3,1.45
2.600,22.986268,113.352680,15.4,39.3,39.3,37.8,1.2,3,1.65
2.700,22.986275,113.352674,15.4,36.8,36.8,39.3,1.2,3,1.54
2.800,22.986283,113.352667,15.4,37.8,37.8,36.8,1.2,3,1.66
2.900,22.986289,113.352660,15.4,39.1,39.1,37.8,1.3,3,1.80
3.000,22.986296,113.352653,15.4,36.5,36.5,39.1,1.3,3,2.47
3.100,22.986302,113.352643,15.4,42.8,42.8,36.5,1.4,3,2.61
3.200,22.986308,113.352635,15.4,38.3,38.3,42.8,1.5,3,2.40
3.300,22.986314,113.352626,15.5,40.7,40.7,38.3,1.4,3,2.15
3.400,22.986319,113.352617,15.5,39.9,39.9,40.7,1.4,3,1.74
3.500,22.986323,113.352606,15.5,41.9,41.9,39.9,1.2,3,1.64
3.600,22.986327,113.352596,15.5,40.9,40.9,41.9,1.2,3,1.89
3.700,22.986331,113.352585,15.5,42.1,42.1,40.9,1.3,3,1.55
3.800,22.986333,113.352574,15.5,41.7,41.7,42.0,1.2,3,1.50
3.900,22.986335,113.352563,15.5,40.5,40.5,41.7,1.2,3,1.34
4.000,22.986336,113.352552,15.6,40.6,40.6,40.5,1.3,3,1.21
4.100,22.986336,113.352541,15.6,42.4,42.4,40.6,1.2,3,1.33
4.200,22.986335,113.352529,15.6,41.8,41.8,42.4,1.2,3,1.48
4.300,22.986333,113.352519,15.7,40.7,40.7,41.8,1.2,3,1.94
4.400,22.986330,113.352508,15.7,41.0,41.0,40.7,1.2,3,1.68
4.500,22.986325,113.352498,15.7,40.3,40.3,41.0,1.1,3,1.54
4.600,22.986320,113.352488,15.7,41.7,41.7,40.4,1.1,3,1.63
4.700,22.986314,113.352479,15.8,39.9,39.9,41.7,1.2,3,1.81
4.800,22.986307,113.352471,15.7,41.7,41.7,39.9,1.1,3,1.98
4.900,22.986299,113.352464,15.7,39.8,39.8,41.8,1.1,3,2.01
5.000,22.986291,113.352457,15.7,42.1,42.1,39.8,1.1,3,1.53
5.100,22.986282,113.352452,15.7,40.4,40.4,42.0,1.1,3,1.36
5.200,22.986272,113.352447,15.7,42.0,42.0,40.4,1.1,3,1.70
5.300,22.986262,113.352444,15.7,41.1,41.1,42.0,1.1,3,1.98
5.400,22.986252,113.352441,15.7,42.0,42.0,41.1,1.1,3,2.30
5.500,22.986242,113.352440,15.7,41.3,41.3,42.0,1.1,3,2.02
5.600,22.986232,113.352438,15.8,39.9,39.9,41.3,1.1,3,1.46
5.700,22.986221,113.352438,15.8,42.2,42.2,39.9,1.1,3,1.11
5.800,22.986210,113.352439,15.8,43.4,43.4,42.2,1.1,3,1.21
5.900,22.986200,113.352441,15.8,41.8,41.8,43.4,1.2,3,1.81
6.000,22.986190,113.352443,15.8,41.2,41.2,41.8,1.2,3,1.92
6.100,22.986180,113.352446,15.8,41.5,41.5,41.1,1.2,3,2.28
6.200,22.986170,113.352449,15.8,40.7,40.7,41.5,1.1,3,1.51
6.300,22.986160,113.352453,15.8,41.7,41.7,40.8,1.1,3,1.32
6.400,22.986150,113.352457,15.8,44.0,44.0,41.7,1.1,3,2.29
6.500,22.986140,113.352462,15.8,43.2,43.2,44.0,1.1,3,2.54
6.600,22.986130,113.352467,15.8,43.3,43.3,43.2,1.1,3,2.82
6.700,22.986120,113.352472,15.8,45.1,45.1,43.3,1.1,3,3.75
6.800,22.986110,113.352477,15.8,45.6,45.6,45.1,1.1,3,3.90
6.900,22.986099,113.352481,15.8,45.6,45.6,45.6,1.1,3,2.88
7.000,22.986088,113.352486,15.8,45.1,45.1,45.6,1.1,3,2.50
7.100,22.986078,113.352490,15.8,46.2,46.2,45.1,1.1,3,1.20
7.200,22.986066,113.352494,15.9,46.8,46.8,46.2,1.1,3,0.66
7.300,22.986055,113.352497,15.9,47.7,47.7,46.8,1.1,3,2.50
7.400,22.986043,113.352501,15.9,48.5,48.5,47.7,1.1,3,3.96
7.500,22.986031,113.352504,15.9,48.9,48.9,48.5,1.1,3,2.94
7.600,22.986019,113.352506,15.9,49.5,49.5,48.9,1.1,3,1.95
7.700,22.986007,113.352507,15.9,49.5,49.5,49.5,1.1,3,2.17
7.800,22.985994,113.352508,15.9,49.4,49.4,49.5,1.1,3,1.60
7.900,22.985982,113.352507,15.9,50.8,50.8,49.4,1.2,3,1.79
8.000,22.985969,113.352506,16.0,50.5,50.5,50.8,1.2,3,1.99
8.100,22.985956,113.352504,16.0,51.7,51.7,50.5,1.2,3,1.20
8.200,22.985943,113.352502,16.0,51.6,51.6,51.7,1.2,3,2.23
8.300,22.985930,113.352499,16.0,52.3,52.3,51.6,1.2,3,2.48
8.400,22.985917,113.352495,16.0,52.8,52.8,52.3,1.2,3,1.91
8.500,22.985905,113.352491,16.1,53.2,53.2,52.8,1.1,3,1.61
8.600,22.985892,113.352486,16.1,53.8,53.8,53.2,1.1,3,1.29
8.700,22.985879,113.352481,16.1,54.2,54.2,53.8,1.1,3,1.29
8.800,22.985867,113.352475,16.1,54.4,54.4,54.2,1.1,3,1.60
8.900,22.985854,113.352469,16.1,55.6,55.6,54.4,1.1,3,2.39
9.000,22.985841,113.352463,16.1,56.2,56.2,55.7,1.1,3,1.96
9.100,22.985828,113.352456,16.1,57.1,57.1,56.2,1.1,3,2.54
9.200,22.985815,113.352448,16.1,56.9,56.9,57.1,1.1,3,2.82
9.300,22.985803,113.352440,16.1,57.3,57.3,56.9,1.1,3,2.81
9.400,22.985791,113.352432,16.2,57.0,57.0,57.3,1.2,3,2.29
9.500,22.985779,113.352424,16.1,57.7,57.7,57.0,1.1,3,2.04
9.600,22.985766,113.352415,16.2,58.8,58.8,57.7,1.1,3,1.88
9.700,22.985754,113.352406,16.2,59.6,59.6,58.8,1.1,3,1.75
9.800,22.985741,113.352397,16.2,59.6,59.6,59.6,1.1,3,1.19
9.900,22.985728,113.352388,16.3,60.7,60.7,59.6,1.1,3,0.88
10.000,22.985715,113.352379,16.3,61.8,61.8,60.7,1.2,3,1.05
10.100,22.985702,113.352370,16.3,60.5,60.5,61.8,1.1,3,0.90
10.200,22.985689,113.352361,16.4,61.3,61.3,60.5,1.1,3,1.02
10.300,22.985676,113.352352,16.4,62.3,62.3,61.3,1.1,3,0.96
10.400,22.985662,113.352343,16.4,62.8,62.8,62.3,1.1,3,2.28
10.500,22.985648,113.352335,16.5,62.7,62.7,62.8,1.1,3,2.77
10.600,22.985634,113.352327,16.5,63.5,63.5,62.7,1.1,3,3.42
10.700,22.985619,113.352320,16.5,64.3,64.3,63.5,1.1,3,2.03
10.800,22.985604,113.352313,16.5,64.3,64.3,64.3,1.1,3,1.27
10.900,22.985589,113.352307,16.5,64.1,64.1,64.3,1.1,3,1.47
11.000,22.985574,113.352301,16.6,64.8,64.8,64.1,1.1,3,3.15
11.100,22.985558,113.352296,16.6,64.6,64.6,64.8,1.1,3,3.07
11.200,22.985543,113.352292,16.6,64.5,64.5,64.6,1.1,3,2.46
11.300,22.985527,113.352289,16.7,63.2,63.2,64.5,1.1,3,2.10
11.400,22.985511,113.352288,16.7,61.8,61.8,63.1,1.1,3,1.59
11.500,22.985496,113.352287,16.7,62.1,62.1,61.8,1.1,3,1.19
11.600,22.985481,113.352288,16.7,58.6,58.6,62.1,1.1,3,1.12
11.700,22.985467,113.352290,16.7,57.4,57.4,58.6,1.1,3,1.45
11.800,22.985452,113.352293,16.7,57.9,57.9,57.4,1.1,3,1.65
11.900,22.985439,113.352297,16.7,56.4,56.4,58.0,1.1,3,1.93
12.000,22.985426,113.352303,16.7,56.7,56.7,56.4,1.1,3,1.60
12.100,22.985413,113.352310,16.7,56.1,56.1,56.7,1.1,3,3.13
12.200,22.985401,113.352318,16.7,55.9,55.9,56.1,1.1,3,2.22
12.300,22.985390,113.352326,16.8,55.5,55.5,55.9,1.1,3,1.75
12.400,22.985380,113.352337,16.7,54.2,54.2,55.5,1.1,3,1.34
12.500,22.985370,113.352347,16.8,53.7,53.7,54.3,1.1,3,0.87
12.600,22.985362,113.352359,16.7,55.1,55.1,53.7,1.1,3,0.91
12.700,22.985355,113.352371,16.7,52.1,52.1,55.1,1.1,3,3.04
12.800,22.985349,113.352383,16.7,53.3,53.3,52.1,1.1,3,1.58
12.900,22.985343,113.352396,16.7,53.2,53.2,53.3,1.1,3,1.18
13.000,22.985339,113.352410,16.8,51.9,51.9,53.2,1.1,3,1.06
13.100,22.985337,113.352424,16.7,52.0,52.0,51.9,1.1,3,0.74
13.200,22.985335,113.352437,16.8,52.1,52.1,52.0,1.1,3,1.14
13.300,22.985334,113.352452,16.8,53.2,53.2,52.1,1.1,3,1.87
13.400,22.985334,113.352466,16.8,51.6,51.6,53.2,1.1,3,1.46
13.500,22.985336,113.352480,16.8,52.6,52.6,51.6,1.1,3,0.99
13.600,22.985339,113.352493,16.8,51.4,51.4,52.6,1.1,3,1.56
13.700,22.985343,113.352507,16.8,52.3,52.3,51.4,1.1,3,4.15
13.800,22.985348,113.352520,16.8,52.9,52.9,52.3,1.1,3,6.87
13.900,22.985354,113.352533,16.8,52.7,52.7,52.9,1.1,3,4.97
14.000,22.985360,113.352546,16.8,53.4,53.4,52.7,1.1,3,3.51
14.100,22.985368,113.352558,16.8,53.6,53.6,53.4,1.1,3,1.90
14.200,22.985376,113.352569,16.8,54.5,54.5,53.6,1.1,3,4.91
14.300,22.985385,113.352581,16.8,54.4,54.4,54.5,1.1,3,5.48
14.400,22.985395,113.352591,16.8,55.0,55.0,54.5,1.1,3,1.76
14.500,22.985405,113.352601,16.7,55.4,55.4,55.0,1.1,3,1.28
14.600,22.985416,113.352610,16.7,55.5,55.5,55.4,1.1,3,2.87
14.700,22.985428,113.352618,16.7,55.9,55.9,55.5,1.1,3,4.45
14.800,22.985440,113.352626,16.7,56.2,56.2,55.9,1.1,3,3.20
14.900,22.985453,113.352632,16.7,56.1,56.1,56.2,1.1,3,3.13
15.000,22.985466,113.352638,16.8,54.7,54.7,56.1,1.1,3,2.60
15.100,22.985479,113.352643,16.7,56.2,56.2,54.7,1.1,3,2.72
15.200,22.985493,113.352648,16.7,57.2,57.2,56.2,1.1,3,1.91
15.300,22.985507,113.352651,16.7,57.5,57.5,57.2,1.1,3,1.76
15.400,22.985521,113.352654,16.7,58.5,58.5,57.5,1.1,3,2.67
15.500,22.985535,113.352656,16.7,57.5,57.5,58.5,1.1,3,2.63
15.600,22.985550,113.352658,16.7,58.6,58.6,57.5,1.1,3,2.14
15.700,22.985565,113.352659,16.7,60.1,60.1,58.6,1.1,3,1.99
15.800,22.985580,113.352660,16.7,59.4,59.4,60.1,1.1,3,1.26
15.900,22.985595,113.352661,16.7,61.2,61.2,59.4,1.1,3,2.87
16.000,22.985610,113.352662,16.7,61.0,61.0,61.2,1.1,3,3.25
16.100,22.985626,113.352663,16.7,61.0,61.0,61.0,1.1,3,3.68
16.200,22.985641,113.352664,16.7,61.7,61.7,61.0,1.1,3,3.46
16.300,22.985657,113.352664,16.7,62.5,62.5,61.7,1.1,3,2.97
16.400,22.985672,113.352665,16.7,62.4,62.4,62.5,1.1,3,1.65
16.500,22.985688,113.352666,16.7,63.1,63.1,62.4,1.1,3,1.26
16.600,22.985704,113.352667,16.8,63.7,63.7,63.1,1.1,3,3.50
16.700,22.985720,113.352668,16.7,63.6,63.6,63.7,1.1,3,3.45
16.800,22.985736,113.352668,16.7,64.9,64.9,63.6,1.1,3,0.72
16.900,22.985753,113.352668,16.7,65.4,65.4,64.9,1.1,3,0.68
17.000,22.985769,113.352667,16.7,64.0,64.0,65.4,1.1,3,2.50
17.100,22.985785,113.352666,16.7,64.7,64.7,64.0,1.1,3,1.64
17.200,22.985801,113.352664,16.7,64.4,64.4,64.7,1.1,3,1.62
17.300,22.985817,113.352663,16.7,62.3,62.3,64.4,1.1,3,1.51
17.400,22.985832,113.352662,16.7,60.7,60.7,62.4,1.1,3,1.27
17.500,22.985847,113.352662,16.7,59.2,59.2,60.7,1.1,3,1.35
17.600,22.985861,113.352662,16.7,57.9,57.9,59.2,1.1,3,2.81
17.700,22.985875,113.352663,16.7,56.7,56.7,57.9,1.1,3,1.47
17.800,22.985889,113.352665,16.7,55.0,55.0,56.7,1.1,3,1.87
17.900,22.985902,113.352667,16.7,52.4,52.4,55.0,1.1,3,2.02
18.000,22.985915,113.352670,16.7,51.2,51.2,52.3,1.1,3,1.96
18.100,22.985926,113.352674,16.7,49.2,49.2,51.2,1.1,3,2.71
18.200,22.985938,113.352679,16.7,48.8,48.8,49.2,1.1,3,1.63
18.300,22.985949,113.352685,16.7,48.2,48.2,48.7,1.1,3,1.00
18.400,22.985958,113.352692,16.7,47.0,47.0,48.2,1.1,3,1.00
18.500,22.985967,113.352700,16.7,45.6,45.6,47.1,1.2,3,1.42
18.600,22.985975,113.352709,16.7,45.4,45.4,45.6,1.2,3,1.42
18.700,22.985982,113.352718,16.7,43.7,43.7,45.4,1.4,3,1.68
18.800,22.985988,113.352727,16.7,42.5,42.5,43.7,1.4,3,2.10
18.900,22.985993,113.352738,16.6,42.3,42.3,42.5,1.2,3,1.32
19.000,22.985996,113.352749,16.6,42.4,42.4,42.3,1.2,3,1.33
19.100,22.985999,113.352760,16.5,42.1,42.1,42.4,1.2,3,1.68
19.200,22.986000,113.352771,16.5,41.2,41.2,42.2,1.2,3,0.88
19.300,22.986000,113.352782,16.5,41.4,41.4,41.2,1.2,3,1.29
19.400,22.985999,113.352794,16.5,41.7,41.7,41.4,1.1,3,1.46
19.500,22.985997,113.352805,16.4,41.8,41.8,41.7,1.1,3,2.01
19.600,22.985993,113.352815,16.5,41.4,41.4,41.8,1.1,3,1.70
19.700,22.985988,113.352825,16.3,41.8,41.8,41.4,1.1,3,1.98
19.800,22.985983,113.352835,16.4,41.6,41.6,41.9,1.2,3,2.55
19.900,22.985977,113.352844,16.3,41.2,41.2,41.6,1.2,3,2.64
20.000,22.985970,113.352853,16.3,43.3,43.3,41.2,1.2,3,1.94
20.100,22.985962,113.352861,16.3,41.7,41.7,43.3,1.2,3,1.50
20.200,22.985953,113.352867,16.2,43.1,43.1,41.7,1.2,3,1.55
20.300,22.985944,113.352873,16.2,41.9,41.9,43.1,1.1,3,2.34
20.400,22.985934,113.352879,16.3,43.4,43.4,41.9,1.1,3,2.27
20.500,22.985925,113.352883,16.3,41.6,41.6,43.4,1.2,3,1.70
20.600,22.985914,113.352887,16.2,44.5,44.5,41.7,1.2,3,1.25
20.700,22.985903,113.352890,16.2,44.2,44.2,44.5,1.2,3,0.98
20.800,22.985892,113.352891,16.3,45.0,45.0,44.2,1.1,3,0.53
20.900,22.985881,113.352893,16.3,45.9,45.9,45.0,1.1,3,0.24
21.000,22.985869,113.352895,16.3,46.4,46.4,45.9,1.1,3,1.40
21.100,22.985858,113.352896,16.3,46.8,46.8,46.4,1.1,3,0.74
21.200,22.985846,113.352896,16.3,46.9,46.9,46.8,1.1,3,1.73
21.300,22.985834,113.352896,16.3,47.0,47.0,46.9,1.1,3,1.66
21.400,22.985822,113.352895,16.3,48.4,48.4,46.9,1.1,3,2.03
21.500,22.985809,113.352895,16.3,49.3,49.3,48.4,1.1,3,2.20
21.600,22.985797,113.352894,16.3,49.7,49.7,49.3,1.1,3,1.91
21.700,22.985784,113.352893,16.4,49.8,49.8,49.8,1.1,3,1.66
21.800,22.985771,113.352892,16.4,51.3,51.3,49.8,1.1,3,1.45
21.900,22.985759,113.352891,16.4,51.3,51.3,51.3,1.1,3,3.00
22.000,22.985746,113.352890,16.4,51.8,51.8,51.3,1.1,3,1.83
22.100,22.985732,113.352889,16.4,52.8,52.8,51.8,1.1,3,1.19
22.200,22.985719,113.352888,16.4,52.9,52.9,52.8,1.1,3,1.67
22.300,22.985706,113.352887,16.4,53.8,53.8,53.0,1.1,3,2.05
22.400,22.985692,113.352886,16.4,54.4,54.4,53.8,1.1,3,1.73
22.500,22.985678,113.352885,16.4,54.5,54.5,54.4,1.1,3,1.67
22.600,22.985664,113.352884,16.4,55.6,55.6,54.5,1.1,3,1.51
22.700,22.985650,113.352882,16.5,56.3,56.3,55.5,1.1,3,1.80
22.800,22.985636,113.352881,16.4,56.5,56.5,56.3,1.1,3,1.67
22.900,22.985622,113.352880,16.5,56.5,56.5,56.6,1.1,3,1.58
23.000,22.985608,113.352879,16.4,57.8,57.8,56.4,1.1,3,1.51
23.100,22.985593,113.352878,16.5,58.1,58.1,57.8,1.1,3,1.67
23.200,22.985578,113.352877,16.4,58.1,58.1,58.1,1.1,3,1.91
23.300,22.985564,113.352876,16.5,58.6,58.6,58.1,1.1,3,2.27
23.400,22.985549,113.352875,16.4,60.0,60.0,58.6,1.2,3,2.46
23.500,22.985534,113.352874,16.4,59.7,59.7,60.0,1.4,3,2.22
23.600,22.985519,113.352874,16.4,60.1,60.1,59.8,1.1,3,1.97
23.700,22.985503,113.352872,16.5,61.6,61.6,60.1,1.1,3,2.32
23.800,22.985488,113.352872,16.5,61.4,61.4,61.6,1.2,3,1.73
23.900,22.985472,113.352871,16.5,61.9,61.9,61.4,1.1,3,1.91
24.000,22.985456,113.352870,16.5,63.3,63.3,61.9,1.1,3,1.25
24.100,22.985440,113.352869,16.5,63.5,63.5,63.3,1.1,3,1.39
24.200,22.985424,113.352869,16.5,63.5,63.5,63.5,1.1,3,1.42
24.300,22.985408,113.352868,16.5,64.3,64.3,63.5,1.1,3,1.40
24.400,22.985392,113.352867,16.5,64.5,64.5,64.3,1.2,3,1.69
24.500,22.985376,113.352867,16.5,64.7,64.7,64.4,1.1,3,1.82
24.600,22.985360,113.352867,16.5,64.3,64.3,64.7,1.1,3,2.24
24.700,22.985343,113.352866,16.6,66.3,66.3,64.3,1.1,3,1.90
24.800,22.985326,113.352866,16.6,65.7,65.7,66.3,1.1,3,1.88
24.900,22.985310,113.352865,16.6,66.5,66.5,65.7,1.1,3,2.02
25.000,22.985293,113.352865,16.6,66.6,66.6,66.5,1.2,3,2.41
25.100,22.985276,113.352864,16.6,66.6,66.6,66.6,1.1,3,2.47
25.200,22.985259,113.352863,16.6,67.6,67.6,66.6,1.1,3,1.97
25.300,22.985242,113.352862,16.5,67.8,67.8,67.6,1.1,3,1.24
25.400,22.985225,113.352862,16.5,68.2,68.2,67.8,1.1,3,1.19
25.500,22.985208,113.352862,16.5,69.8,69.8,68.2,1.1,3,2.01
25.600,22.985190,113.352862,16.5,69.8,69.8,69.8,1.1,3,2.57
25.700,22.985173,113.352862,16.5,69.7,69.7,69.8,1.1,3,0.88
25.800,22.985155,113.352862,16.5,70.2,70.2,69.7,1.1,3,0.87
25.900,22.985137,113.352862,16.5,71.3,71.3,70.2,1.1,3,1.62
26.000,22.985119,113.352863,16.5,71.2,71.2,71.3,1.1,3,2.96
26.100,22.985101,113.352864,16.5,70.9,70.9,71.2,1.1,3,2.87
26.200,22.985083,113.352866,16.5,72.2,72.2,70.9,1.1,3,2.86
26.300,22.985065,113.352868,16.5,72.0,72.0,72.2,1.1,3,2.76
26.400,22.985047,113.352870,16.5,71.9,71.9,72.0,1.1,3,2.39
26.500,22.985029,113.352873,16.5,72.8,72.8,71.9,1.1,3,2.14
26.600,22.985011,113.352876,16.5,73.3,73.3,72.8,1.1,3,1.68
26.700,22.984993,113.352881,16.5,72.8,72.8,73.3,1.1,3,1.90
26.800,22.984975,113.352886,16.4,73.5,73.5,72.8,1.1,3,1.71
26.900,22.984958,113.352891,16.4,74.2,74.2,73.5,1.1,3,1.27
27.000,22.984940,113.352898,16.4,74.4,74.4,74.2,1.2,3,0.99
27.100,22.984922,113.352906,16.4,74.5,74.5,74.4,1.1,3,0.70
27.200,22.984905,113.352913,16.4,74.8,74.8,74.5,1.1,3,0.85
27.300,22.984888,113.352921,16.4,74.7,74.7,74.8,1.1,3,1.38
27.400,22.984871,113.352930,16.4,75.0,75.0,74.7,1.1,3,1.41
27.500,22.984854,113.352940,16.4,75.5,75.5,75.0,1.1,3,2.43
27.600,22.984838,113.352951,16.4,75.7,75.7,75.5,1.2,3,2.87
27.700,22.984822,113.352963,16.4,75.7,75.7,75.7,1.2,3,2.65
27.800,22.984807,113.352975,16.4,76.0,76.0,75.7,1.2,3,2.00
27.900,22.984793,113.352987,16.4,73.1,73.1,76.0,1.2,3,1.61
28.000,22.984778,113.353000,16.5,74.6,74.6,73.1,1.1,3,1.76
28.100,22.984765,113.353015,16.4,75.8,75.8,74.6,1.1,3,1.58
28.200,22.984752,113.353030,16.5,75.2,75.2,75.8,1.1,3,1.67
28.300,22.984740,113.353045,16.5,74.3,74.3,75.2,1.2,3,1.70
28.400,22.984728,113.353061,16.5,73.1,73.1,74.3,1.1,3,1.70
28.500,22.984718,113.353077,16.5,72.1,72.1,73.2,1.1,3,1.14
28.600,22.984708,113.353093,16.5,71.2,71.2,72.1,1.3,3,0.85
28.700,22.984700,113.353109,16.5,69.0,69.0,71.2,1.2,3,0.84
28.800,22.984691,113.353125,16.4,67.9,67.9,69.0,1.2,3,1.57
28.900,22.984682,113.353141,16.5,66.3,66.3,67.9,1.2,3,2.94
29.000,22.984674,113.353155,16.5,63.4,63.4,66.3,1.2,3,3.81
29.100,22.984666,113.353170,16.5,62.4,62.4,63.4,1.2,3,3.56
29.200,22.984657,113.353184,16.5,62.3,62.3,62.4,1.2,3,2.22
29.300,22.984648,113.353196,16.5,59.5,59.5,62.2,1.3,3,1.36
29.400,22.984638,113.353208,16.5,57.8,57.8,59.5,1.3,3,1.60
29.500,22.984628,113.353218,16.5,55.9,55.9,57.8,1.3,3,0.69
29.600,22.984617,113.353227,16.5,55.1,55.1,55.9,1.4,3,1.28
29.700,22.984606,113.353235,16.5,53.1,53.1,55.0,1.3,3,1.38
29.800,22.984595,113.353242,16.5,50.9,50.9,53.1,1.3,3,1.72
29.900,22.984583,113.353247,16.5,50.8,50.8,50.9,1.2,3,2.02
30.000,22.984571,113.353251,16.5,49.2,49.2,50.8,1.2,3,1.87
30.100,22.984559,113.353253,16.5,48.9,48.9,49.2,1.2,3,1.84
30.200,22.984547,113.353255,16.5,48.1,48.1,48.9,1.2,3,2.19
30.300,22.984535,113.353255,16.5,48.5,48.5,48.1,1.3,3,1.96
30.400,22.984523,113.353254,16.5,47.4,47.4,48.5,1.6,3,1.97
30.500,22.984511,113.353250,16.5,47.7,47.7,47.4,1.6,3,1.60
30.600,22.984500,113.353246,16.5,47.3,47.3,47.7,1.6,3,1.89
30.700,22.984489,113.353241,16.5,47.0,47.0,47.3,1.6,3,2.26
30.800,22.984479,113.353235,16.5,46.6,46.6,46.9,1.6,3,2.05
30.900,22.984469,113.353227,16.5,47.7,47.7,46.6,1.6,3,1.43
31.000,22.984460,113.353219,16.5,46.7,46.7,47.7,1.6,3,0.98
31.100,22.984452,113.353209,16.4,47.5,47.5,46.8,1.4,3,1.54
31.200,22.984444,113.353199,16.5,47.8,47.8,47.5,1.4,3,1.92
31.300,22.984438,113.353188,16.4,48.3,48.3,47.8,1.4,3,1.58
31.400,22.984432,113.353177,16.4,48.2,48.2,48.3,1.4,3,1.28
31.500,22.984427,113.353165,16.4,48.6,48.6,48.2,1.1,3,1.17
31.600,22.984422,113.353153,16.3,49.1,49.1,48.6,1.2,3,1.25
31.700,22.984418,113.353140,16.3,49.9,49.9,49.1,1.1,3,1.63
31.800,22.984416,113.353127,16.2,48.8,48.8,49.9,1.1,3,1.66
31.900,22.984414,113.353113,16.2,51.2,51.2,48.8,1.2,3,1.38
32.000,22.984413,113.353100,16.1,50.7,50.7,51.2,1.2,3,2.10
32.100,22.984414,113.353086,16.1,50.9,50.9,50.7,1.2,3,2.89
32.200,22.984415,113.353072,16.1,51.6,51.6,50.9,1.3,3,3.08
32.300,22.984417,113.353058,16.1,51.5,51.5,51.6,1.2,3,1.95
32.400,22.984420,113.353045,16.0,52.0,52.0,51.4,1.2,3,0.80
32.500,22.984424,113.353031,16.0,52.1,52.1,51.9,1.2,3,0.60
32.600,22.984429,113.353018,16.0,52.2,52.2,52.1,1.2,3,1.68
32.700,22.984435,113.353005,15.9,53.1,53.1,52.2,1.2,3,2.29
32.800,22.984442,113.352993,15.9,53.5,53.5,53.1,1.2,3,1.80
32.900,22.984449,113.352980,15.9,54.5,54.5,53.5,1.2,3,1.56
33.000,22.984457,113.352968,15.9,55.3,55.3,54.5,1.2,3,1.41
33.100,22.984465,113.352956,15.8,54.5,54.5,55.3,1.2,3,1.67
33.200,22.984473,113.352943,15.8,55.6,55.6,54.5,1.2,3,1.65
33.300,22.984481,113.352931,15.8,57.2,57.2,55.6,1.2,3,1.87
33.400,22.984490,113.352919,15.8,56.7,56.7,57.2,1.3,3,1.55
33.500,22.984500,113.352907,15.8,57.6,57.6,56.7,1.2,3,2.55
33.600,22.984509,113.352896,15.8,57.8,57.8,57.6,1.2,3,1.79
33.700,22.984520,113.352884,15.8,58.6,58.6,57.9,1.2,3,1.65
33.800,22.984530,113.352873,15.8,58.7,58.7,58.6,1.2,3,1.80
33.900,22.984541,113.352862,15.8,59.4,59.4,58.7,1.2,3,1.53
34.000,22.984552,113.352851,15.9,59.4,59.4,59.4,1.3,3,1.32
34.100,22.984563,113.352841,15.9,59.0,59.0,59.4,1.2,3,1.98
34.200,22.984575,113.352830,15.9,60.5,60.5,59.0,1.2,3,2.82
34.300,22.984586,113.352820,15.9,60.1,60.1,60.5,1.2,3,3.46
34.400,22.984598,113.352809,16.0,61.4,61.4,60.1,1.2,3,1.99
34.500,22.984611,113.352799,15.9,62.7,62.7,61.4,1.2,3,1.11
34.600,22.984624,113.352789,15.9,61.8,61.8,62.7,1.2,3,4.12
34.700,22.984636,113.352779,15.9,63.1,63.1,61.8,1.2,3,4.68
34.800,22.984649,113.352768,15.9,63.9,63.9,63.1,1.2,3,2.06
34.900,22.984662,113.352758,15.9,63.7,63.7,63.9,1.2,3,1.78
35.000,22.984675,113.352748,15.9,64.3,64.3,63.7,1.2,3,3.82
35.100,22.984688,113.352737,15.9,65.7,65.7,64.3,1.2,3,2.53
35.200,22.984700,113.352726,15.9,65.2,65.2,65.7,1.2,3,2.43
35.300,22.984713,113.352715,15.8,65.4,65.4,65.2,1.2,3,1.49
35.400,22.984726,113.352703,15.8,66.2,66.2,65.3,1.2,3,0.83
35.500,22.984738,113.352691,15.8,65.1,65.1,66.2,1.2,3,1.32
35.600,22.984751,113.352679,15.8,66.9,66.9,65.1,1.2,3,1.46
35.700,22.984762,113.352666,15.8,67.9,67.9,66.9,1.2,3,2.60
35.800,22.984774,113.352653,15.8,66.9,66.9,67.9,1.2,3,2.47
35.900,22.984786,113.352640,15.8,68.0,68.0,66.9,1.2,3,1.77
36.000,22.984797,113.352626,15.8,67.7,67.7,68.0,1.2,3,2.32
36.100,22.984807,113.352611,15.8,67.9,67.9,67.7,1.2,3,2.07
36.200,22.984817,113.352596,15.8,68.8,68.8,67.9,1.2,3,1.39
36.300,22.984828,113.352581,15.8,69.5,69.5,68.8,1.2,3,1.27
36.400,22.984838,113.352565,15.8,69.5,69.5,69.5,1.2,3,1.17
36.500,22.984848,113.352550,15.8,69.0,69.0,69.5,1.2,3,1.37
36.600,22.984858,113.352535,15.8,71.0,71.0,68.9,1.2,3,1.22
36.700,22.984869,113.352520,15.8,69.5,69.5,71.0,1.2,3,1.11
36.800,22.984880,113.352505,15.7,70.5,70.5,69.5,1.2,3,1.09
36.900,22.984891,113.352490,15.7,70.8,70.8,70.6,1.2,3,1.12
37.000,22.984902,113.352475,15.7,70.4,70.4,70.7,1.2,3,1.73
37.100,22.984914,113.352460,15.8,72.2,72.2,70.4,1.2,3,0.88
37.200,22.984926,113.352446,15.7,72.3,72.3,72.2,1.2,3,1.19
37.300,22.984937,113.352431,15.7,72.2,72.2,72.3,1.2,3,1.17
37.400,22.984949,113.352416,15.7,72.9,72.9,72.2,1.2,3,1.93
37.500,22.984961,113.352401,15.7,72.6,72.6,72.9,1.2,3,1.72
37.600,22.984973,113.352385,15.7,73.2,73.2,72.6,1.2,3,0.67
37.700,22.984985,113.352370,15.7,73.3,73.3,73.2,1.2,3,1.12
37.800,22.984996,113.352355,15.7,73.5,73.5,73.3,1.2,3,1.44
37.900,22.985008,113.352340,15.7,73.4,73.4,73.5,1.2,3,1.28
38.000,22.985020,113.352324,15.7,73.9,73.9,73.4,1.2,3,1.43
38.100,22.985032,113.352309,15.7,74.4,74.4,73.9,1.2,3,1.32
38.200,22.985045,113.352294,15.7,74.9,74.9,74.4,1.2,3,1.35
38.300,22.985057,113.352278,15.7,75.4,75.4,74.9,1.2,3,1.42
38.400,22.985070,113.352263,15.7,75.6,75.6,75.5,1.2,3,0.84
38.500,22.985083,113.352248,15.7,75.9,75.9,75.6,1.2,3,0.77
38.600,22.985096,113.352233,15.7,75.2,75.2,75.9,1.2,3,1.15
38.700,22.985108,113.352217,15.7,76.2,76.2,75.2,1.2,3,1.31
38.800,22.985121,113.352202,15.7,76.1,76.1,76.2,1.2,3,1.93
38.900,22.985134,113.352186,15.7,76.8,76.8,76.1,1.2,3,1.81
39.000,22.985146,113.352171,15.7,77.5,77.5,76.8,1.3,3,1.05
39.100,22.985159,113.352155,15.7,77.5,77.5,77.5,1.3,3,1.13
39.200,22.985172,113.352139,15.7,77.5,77.5,77.5,1.3,3,1.00
39.300,22.985184,113.352122,15.7,77.9,77.9,77.5,1.3,3,1.19
39.400,22.985197,113.352106,15.7,77.3,77.3,77.9,1.4,3,0.82
39.500,22.985210,113.352090,15.7,78.2,78.2,77.3,1.3,3,1.18
39.600,22.985223,113.352075,15.8,77.6,77.6,78.2,1.3,3,0.91
39.700,22.985236,113.352059,15.8,76.4,76.4,77.5,1.2,3,1.18
39.800,22.985249,113.352045,15.8,76.3,76.3,76.4,1.2,3,1.38
39.900,22.985263,113.352031,15.8,74.9,74.9,76.3,1.2,3,1.18
40.000,22.985277,113.352018,15.8,73.1,73.1,74.9,1.3,3,1.62
40.100,22.985292,113.352008,15.8,71.4,71.4,73.0,1.2,3,1.05
40.200,22.985308,113.351998,15.9,71.3,71.3,71.5,1.2,3,1.66
40.300,22.985323,113.351990,15.9,69.7,69.7,71.3,1.2,3,1.40
40.400,22.985339,113.351982,15.9,69.3,69.3,69.7,1.2,3,1.12
40.500,22.985356,113.351977,15.9,69.2,69.2,69.3,1.2,3,1.13
40.600,22.985373,113.351972,15.9,69.1,69.1,69.2,1.2,3,1.40
40.700,22.985389,113.351969,16.0,67.3,67.3,69.1,1.2,3,1.32
40.800,22.985406,113.351966,16.0,68.1,68.1,67.3,1.2,3,0.76
40.900,22.985424,113.351965,16.0,68.8,68.8,68.1,1.2,3,0.90
41.000,22.985441,113.351966,16.0,67.2,67.2,68.8,1.2,3,1.02
41.100,22.985458,113.351968,16.0,68.4,68.4,67.2,1.2,3,1.07
41.200,22.985474,113.351971,16.1,67.2,67.2,68.4,1.2,3,1.09
41.300,22.985491,113.351975,16.1,67.0,67.0,67.2,1.2,3,1.34
41.400,22.985506,113.351981,16.1,65.9,65.9,67.0,1.2,3,1.34
41.500,22.985522,113.351988,16.1,65.9,65.9,65.9,1.2,3,1.83
41.600,22.985536,113.351996,16.2,66.7,66.7,65.9,1.2,3,1.30
41.700,22.985551,113.352004,16.2,65.3,65.3,66.7,1.2,3,1.09
41.800,22.985565,113.352014,16.1,66.3,66.3,65.3,1.2,3,0.62
41.900,22.985580,113.352023,16.2,67.6,67.6,66.3,1.2,3,0.52
42.000,22.985594,113.352033,16.2,66.6,66.6,67.6,1.1,3,0.98
42.100,22.985608,113.352043,16.2,67.3,67.3,66.6,1.2,3,1.64
42.200,22.985623,113.352051,16.2,67.9,67.9,67.3,1.1,3,0.92
42.300,22.985639,113.352059,16.2,68.5,68.5,67.9,1.1,3,0.93
42.400,22.985654,113.352067,16.2,69.2,69.2,68.5,1.1,3,1.09
42.500,22.985671,113.352073,16.2,68.4,68.4,69.2,1.1,3,1.14
42.600,22.985687,113.352079,16.2,68.1,68.1,68.4,1.1,3,2.97
42.700,22.985704,113.352083,16.2,68.0,68.0,68.1,1.1,3,1.00
42.800,22.985721,113.352086,16.3,69.1,69.1,68.0,1.1,3,1.40
42.900,22.985737,113.352089,16.3,67.1,67.1,69.1,1.1,3,1.60
43.000,22.985754,113.352091,16.3,66.9,66.9,67.1,1.2,3,1.32
43.100,22.985771,113.352092,16.3,65.9,65.9,66.9,1.1,3,1.36
43.200,22.985786,113.352092,16.3,63.0,63.0,66.0,1.2,3,1.00
43.300,22.985802,113.352093,16.3,63.8,63.8,63.0,1.2,3,0.94
43.400,22.985817,113.352093,16.3,58.4,58.4,63.8,1.1,3,1.19
43.500,22.985831,113.352095,16.3,57.0,57.0,58.4,1.1,3,0.73
43.600,22.985845,113.352097,16.3,56.7,56.7,57.0,1.1,3,0.69
43.700,22.985859,113.352099,16.3,53.9,53.9,56.7,1.1,3,1.17
43.800,22.985872,113.352103,16.3,53.2,53.2,53.9,1.1,3,1.35
43.900,22.985884,113.352107,16.3,52.6,52.6,53.2,1.1,3,1.40
44.000,22.985896,113.352111,16.3,49.2,49.2,52.6,1.1,3,0.78
44.100,22.985906,113.352117,16.3,46.5,46.5,49.2,1.1,3,0.85
44.200,22.985916,113.352124,16.3,46.9,46.9,46.5,1.1,3,0.99
44.300,22.985925,113.352131,16.3,45.1,45.1,46.8,1.1,3,0.85
44.400,22.985933,113.352140,16.3,45.5,45.5,45.1,1.1,3,0.98
44.500,22.985941,113.352149,16.3,44.5,44.5,45.5,1.1,3,0.76
44.600,22.985947,113.352160,16.3,45.9,45.9,44.5,1.1,3,1.41
44.700,22.985952,113.352170,16.3,45.1,45.1,45.9,1.1,3,1.26
44.800,22.985957,113.352182,16.4,45.6,45.6,45.1,1.1,3,0.95
44.900,22.985960,113.352194,16.3,46.3,46.3,45.6,1.1,3,1.23
45.000,22.985964,113.352205,16.3,45.7,45.7,46.3,1.1,3,1.19
45.100,22.985967,113.352217,16.3,45.6,45.6,45.7,1.1,3,1.61
45.200,22.985972,113.352229,16.3,45.8,45.8,45.6,1.1,3,1.03
45.300,22.985977,113.352240,16.3,46.3,46.3,45.8,1.1,3,1.53
45.400,22.985984,113.352250,16.3,45.9,45.9,46.3,1.1,3,1.78
45.500,22.985991,113.352260,16.3,45.9,45.9,45.9,1.1,3,1.75
45.600,22.986000,113.352268,16.2,46.6,46.6,45.9,1.1,3,2.14
45.700,22.986009,113.352276,16.3,45.2,45.2,46.6,1.1,3,1.59
45.800,22.986018,113.352283,16.3,45.9,45.9,45.1,1.1,3,1.43
45.900,22.986028,113.352288,16.3,44.8,44.8,45.9,1.1,3,1.55
46.000,22.986039,113.352292,16.2,44.0,44.0,44.7,1.1,3,1.71
46.100,22.986050,113.352296,16.3,46.0,46.0,44.0,1.1,3,1.64
46.200,22.986061,113.352298,16.3,45.0,45.0,46.0,1.1,3,1.38
46.300,22.986072,113.352299,16.2,45.1,45.1,45.0,1.1,3,1.73
46.400,22.986084,113.352299,16.3,45.6,45.6,45.1,1.1,3,1.22
46.500,22.986095,113.352298,16.2,44.7,44.7,45.6,1.1,3,0.93
46.600,22.986106,113.352296,16.3,46.0,46.0,44.7,1.1,3,1.39
46.700,22.986117,113.352292,16.2,45.8,45.8,46.0,1.1,3,1.52
46.800,22.986128,113.352287,16.2,45.2,45.2,45.8,1.1,3,1.44
46.900,22.986138,113.352281,16.2,47.7,47.7,45.1,1.1,3,0.92
47.000,22.986148,113.352274,16.2,46.2,46.2,47.7,1.1,3,1.34
47.100,22.986157,113.352266,16.2,47.3,47.3,46.2,1.1,3,2.12
47.200,22.986165,113.352256,16.2,47.2,47.2,47.3,1.1,3,1.97
47.300,22.986173,113.352247,16.2,47.1,47.1,47.2,1.1,3,1.79
47.400,22.986179,113.352236,16.2,46.7,46.7,47.2,1.1,3,1.34
47.500,22.986186,113.352225,16.2,47.9,47.9,46.7,1.1,3,1.75
47.600,22.986191,113.352214,16.2,48.4,48.4,47.9,1.1,3,1.46
47.700,22.986197,113.352202,16.2,49.1,49.1,48.4,1.1,3,1.01
47.800,22.986203,113.352190,16.2,49.4,49.4,49.1,1.2,3,0.92
47.900,22.986209,113.352178,16.2,51.4,51.4,49.4,1.1,3,0.80
48.000,22.986216,113.352166,16.2,51.1,51.1,51.4,1.1,3,1.24
48.100,22.986224,113.352154,16.2,51.9,51.9,51.1,1.1,3,1.09
48.200,22.986231,113.352142,16.2,52.9,52.9,51.9,1.1,3,1.53
48.300,22.986239,113.352131,16.2,52.6,52.6,52.9,1.1,3,2.07
48.400,22.986247,113.352120,16.3,53.6,53.6,52.6,1.2,3,1.71
48.500,22.986256,113.352109,16.3,54.5,54.5,53.6,1.1,3,1.22
48.600,22.986266,113.352099,16.3,52.9,52.9,54.5,1.1,3,1.07
48.700,22.986276,113.352090,16.3,53.7,53.7,53.0,1.1,3,1.76
48.800,22.986287,113.352081,16.3,54.0,54.0,53.7,1.1,3,2.26
48.900,22.986299,113.352074,16.4,54.1,54.1,54.0,1.3,3,1.46
49.000,22.986311,113.352068,16.4,53.6,53.6,54.1,1.2,3,1.24
49.100,22.986324,113.352063,16.5,53.6,53.6,53.6,1.1,3,1.36
49.200,22.986337,113.352059,16.4,54.0,54.0,53.6,1.2,3,0.94
49.300,22.986350,113.352056,16.5,53.5,53.5,54.0,1.2,3,0.72
49.400,22.986364,113.352055,16.5,53.2,53.2,53.5,1.2,3,1.03
49.500,22.986377,113.352054,16.6,53.2,53.2,53.2,1.1,3,1.16
49.600,22.986390,113.352056,16.6,53.3,53.3,53.2,1.1,3,1.41
49.700,22.986404,113.352058,16.6,53.2,53.2,53.3,1.1,3,1.20
49.800,22.986417,113.352061,16.6,53.3,53.3,53.2,1.1,3,1.21
49.900,22.986429,113.352066,16.7,53.6,53.6,53.3,1.1,3,2.12
50.000,22.986442,113.352072,16.7,52.9,52.9,53.6,1.1,3,1.25
50.100,22.986453,113.352079,16.7,53.1,53.1,52.9,1.1,3,1.11
50.200,22.986464,113.352086,16.7,52.3,52.3,53.1,1.1,3,1.30
50.300,22.986474,113.352095,16.7,52.8,52.8,52.3,1.2,3,1.22
50.400,22.986484,113.352105,16.7,53.3,53.3,52.8,1.2,3,1.68
50.500,22.986493,113.352116,16.8,52.9,52.9,53.3,1.2,3,1.23
50.600,22.986501,113.352128,16.8,53.4,53.4,52.9,1.2,3,1.53
50.700,22.986509,113.352140,16.8,53.8,53.8,53.4,1.2,3,1.74
50.800,22.986515,113.352153,16.8,53.6,53.6,53.9,1.2,3,1.47
50.900,22.986522,113.352166,16.8,54.8,54.8,53.6,1.1,3,1.01
51.000,22.986527,113.352179,16.8,54.8,54.8,54.8,1.1,3,1.37
51.100,22.986533,113.352193,16.8,55.8,55.8,54.8,1.1,3,1.47
51.200,22.986538,113.352208,16.7,56.2,56.2,55.8,1.1,3,1.58
51.300,22.986543,113.352222,16.7,56.7,56.7,56.2,1.1,3,0.97
51.400,22.986549,113.352236,16.7,57.7,57.7,56.7,1.2,3,1.21
51.500,22.986554,113.352251,16.7,58.3,58.3,57.7,1.1,3,1.19
51.600,22.986559,113.352266,16.7,58.2,58.2,58.3,1.1,3,1.07
51.700,22.986563,113.352281,16.7,58.3,58.3,58.2,1.1,3,1.38
51.800,22.986568,113.352297,16.7,60.0,60.0,58.4,1.1,3,1.27
51.900,22.986573,113.352312,16.7,59.9,59.9,60.0,1.1,3,1.41
52.000,22.986578,113.352328,16.6,60.7,60.7,59.9,1.1,3,0.80
52.100,22.986583,113.352344,16.6,61.5,61.5,60.7,1.2,3,1.13
52.200,22.986587,113.352360,16.6,61.4,61.4,61.5,1.2,3,1.59
52.300,22.986592,113.352375,16.6,61.4,61.4,61.4,1.3,3,1.30
52.400,22.986597,113.352392,16.6,63.1,63.1,61.3,1.2,3,1.10
52.500,22.986601,113.352408,16.6,63.4,63.4,63.1,1.2,3,1.29
52.600,22.986605,113.352425,16.5,63.9,63.9,63.4,1.4,3,1.63
52.700,22.986609,113.352442,16.5,64.5,64.5,63.9,1.1,3,0.96
52.800,22.986612,113.352459,16.5,64.5,64.5,64.5,1.1,3,0.92
52.900,22.986615,113.352477,16.4,65.4,65.4,64.5,1.1,3,0.91
53.000,22.986617,113.352495,16.4,65.6,65.6,65.4,1.1,3,1.43
53.100,22.986619,113.352512,16.3,65.8,65.8,65.6,1.1,3,1.22
53.200,22.986619,113.352530,16.3,66.5,66.5,65.8,1.2,3,0.83
53.300,22.986619,113.352548,16.3,66.2,66.2,66.6,1.1,3,1.70
53.400,22.986619,113.352567,16.3,67.1,67.1,66.2,1.1,3,1.77
53.500,22.986617,113.352585,16.2,67.3,67.3,67.1,1.1,3,1.70
53.600,22.986616,113.352603,16.2,67.0,67.0,67.4,1.1,3,1.13
53.700,22.986613,113.352621,16.2,67.1,67.1,67.0,1.1,3,1.29
53.800,22.986610,113.352639,16.1,67.7,67.7,67.1,1.2,3,1.36
53.900,22.986605,113.352657,16.1,67.8,67.8,67.8,1.1,3,1.17
54.000,22.986599,113.352674,16.1,67.5,67.5,67.8,1.1,3,0.83
54.100,22.986592,113.352691,16.1,68.5,68.5,67.5,1.2,3,0.96
54.200,22.986584,113.352707,16.1,68.2,68.2,68.5,1.2,3,1.09
54.300,22.986575,113.352723,16.0,67.5,67.5,68.2,1.2,3,0.60
54.400,22.986566,113.352738,16.0,68.1,68.1,67.5,1.2,3,1.15
54.500,22.986555,113.352753,16.1,67.8,67.8,68.0,1.1,3,1.18
54.600,22.986544,113.352767,16.0,67.8,67.8,67.8,1.1,3,1.16
54.700,22.986532,113.352780,16.0,68.1,68.1,67.8,1.1,3,0.65
54.800,22.986519,113.352792,16.0,68.1,68.1,68.1,1.1,3,1.26
54.900,22.986505,113.352803,16.0,68.1,68.1,68.1,1.2,3,1.10
55.000,22.986491,113.352813,16.0,68.4,68.4,68.1,1.3,3,0.92
55.100,22.986476,113.352823,16.0,68.3,68.3,68.4,1.1,3,0.93
55.200,22.986461,113.352830,16.0,68.2,68.2,68.3,1.1,3,1.43
55.300,22.986445,113.352837,16.0,68.5,68.5,68.2,1.2,3,0.98
55.400,22.986429,113.352843,16.0,67.6,67.6,68.5,1.2,3,0.74
55.500,22.986412,113.352848,15.9,67.3,67.3,67.6,1.2,3,1.11
55.600,22.986396,113.352852,15.9,65.5,65.5,67.3,1.1,3,1.30
55.700,22.986381,113.352855,15.9,62.7,62.7,65.6,1.2,3,1.00
55.800,22.986366,113.352857,15.9,61.3,61.3,62.7,1.1,3,0.97
55.900,22.986351,113.352858,15.9,59.2,59.2,61.3,1.1,3,1.58
56.000,22.986337,113.352858,15.9,57.4,57.4,59.2,1.1,3,1.63
56.100,22.986323,113.352857,15.8,54.8,54.8,57.4,1.2,3,1.69
56.200,22.986310,113.352854,15.8,52.5,52.5,54.8,1.2,3,1.30
56.300,22.986298,113.352851,15.8,49.4,49.4,52.6,1.1,3,1.58
56.400,22.986286,113.352847,15.8,47.9,47.9,49.5,1.1,3,1.22
56.500,22.986276,113.352842,15.8,46.2,46.2,47.9,1.1,3,1.27
56.600,22.986266,113.352836,15.9,45.1,45.1,46.2,1.1,3,1.30
56.700,22.986257,113.352829,15.8,43.3,43.3,45.1,1.2,3,1.22
56.800,22.986249,113.352822,15.9,42.8,42.8,43.3,1.1,3,1.02
56.900,22.986241,113.352813,15.9,42.9,42.9,42.8,1.2,3,0.95
57.000,22.986235,113.352804,16.0,41.0,41.0,42.9,1.3,3,1.15
57.100,22.986230,113.352795,15.9,40.5,40.5,41.0,1.2,3,1.23
57.200,22.986226,113.352785,15.9,40.0,40.0,40.5,1.2,3,1.41
57.300,22.986223,113.352775,16.0,40.2,40.2,40.0,1.2,3,1.59
57.400,22.986221,113.352764,15.9,39.4,39.4,40.2,1.2,3,1.90
57.500,22.986221,113.352754,16.0,39.2,39.2,39.4,1.2,3,1.27
57.600,22.986221,113.352743,15.9,39.4,39.4,39.2,1.2,3,1.26
57.700,22.986223,113.352733,16.0,38.5,38.5,39.5,1.2,3,1.26
57.800,22.986226,113.352722,16.0,39.5,39.5,38.5,1.2,3,1.53
57.900,22.986230,113.352712,15.9,40.0,40.0,39.5,1.2,3,0.96
58.000,22.986235,113.352703,16.0,38.7,38.7,40.0,1.1,3,1.19
58.100,22.986241,113.352695,15.9,39.0,39.0,38.7,1.1,3,0.98
58.200,22.986247,113.352687,16.0,39.3,39.3,39.0,1.1,3,0.93
58.300,22.986255,113.352680,15.9,39.3,39.3,39.3,1.1,3,0.61
58.400,22.986263,113.352673,16.0,40.5,40.5,39.3,1.1,3,0.72
58.500,22.986271,113.352666,16.0,41.5,41.5,40.5,1.1,3,0.81
58.600,22.986280,113.352660,16.0,41.2,41.2,41.5,1.1,3,0.80
58.700,22.986288,113.352652,16.0,42.1,42.1,41.1,1.1,3,0.71
58.800,22.986296,113.352644,16.0,42.3,42.3,42.1,1.1,3,1.45
58.900,22.986303,113.352636,16.0,42.9,42.9,42.3,1.1,3,1.67
59.000,22.986310,113.352626,16.0,43.2,43.2,42.9,1.1,3,1.49
59.100,22.986316,113.352617,16.0,43.2,43.2,43.2,1.1,3,1.59
59.200,22.986321,113.352606,16.0,43.8,43.8,43.2,1.2,3,1.97
59.300,22.986325,113.352595,16.0,43.9,43.9,43.8,1.1,3,0.97
59.400,22.986329,113.352584,16.0,44.3,44.3,43.9,1.1,3,0.69
59.500,22.986330,113.352572,16.1,43.6,43.6,44.4,1.1,3,1.28
59.600,22.986331,113.352560,16.1,43.6,43.6,43.6,1.1,3,1.13
59.700,22.986330,113.352548,16.0,43.6,43.6,43.6,1.1,3,0.98
59.800,22.986329,113.352536,16.1,43.5,43.5,43.6,1.2,3,0.80
59.900,22.986326,113.352525,16.1,43.8,43.8,43.5,1.1,3,1.08
60.000,22.986323,113.352514,16.1,42.8,42.8,43.8,1.1,3,0.63
60.100,22.986318,113.352503,16.1,43.7,43.7,42.8,1.1,3,0.66
60.200,22.986312,113.352493,16.2,43.8,43.8,43.7,1.1,3,0.65
60.300,22.986305,113.352484,16.1,43.5,43.5,43.8,1.1,3,0.94
60.400,22.986298,113.352475,16.2,42.9,42.9,43.5,1.2,3,0.53
60.500,22.986289,113.352467,16.1,43.4,43.4,42.9,1.1,3,1.01
60.600,22.986281,113.352460,16.2,42.2,42.2,43.4,1.1,3,1.36
60.700,22.986271,113.352455,16.2,42.9,42.9,42.2,1.1,3,1.52
60.800,22.986261,113.352450,16.2,43.3,43.3,42.9,1.1,3,1.04
60.900,22.986251,113.352447,16.2,43.5,43.5,43.3,1.1,3,1.59
61.000,22.986240,113.352444,16.2,43.4,43.4,43.5,1.2,3,1.22
61.100,22.986229,113.352443,16.2,44.3,44.3,43.4,1.1,3,0.84
61.200,22.986218,113.352443,16.2,44.1,44.1,44.3,1.1,3,0.83
61.300,22.986206,113.352444,16.2,44.9,44.9,44.1,1.1,3,1.22
61.400,22.986195,113.352446,16.2,45.0,45.0,44.9,1.1,3,0.47
61.500,22.986184,113.352449,16.2,46.1,46.1,45.0,1.1,3,0.53
61.600,22.986172,113.352452,16.2,46.6,46.6,46.1,1.1,3,0.79
61.700,22.986161,113.352455,16.3,47.9,47.9,46.6,1.1,3,1.17
61.800,22.986149,113.352459,16.3,48.3,48.3,47.9,1.1,3,0.91
61.900,22.986138,113.352463,16.3,48.4,48.4,48.3,1.1,3,1.68
62.000,22.986126,113.352467,16.3,49.6,49.6,48.4,1.1,3,1.43
62.100,22.986114,113.352471,16.3,50.1,50.1,49.6,1.1,3,1.95
62.200,22.986102,113.352476,16.3,50.4,50.4,50.1,1.1,3,1.45
62.300,22.986090,113.352480,16.3,50.7,50.7,50.4,1.1,3,1.65
62.400,22.986078,113.352485,16.4,51.1,51.1,50.7,1.1,3,0.83
62.500,22.986065,113.352490,16.4,51.8,51.8,51.2,1.1,3,0.50
62.600,22.986053,113.352494,16.4,53.0,53.0,51.8,1.1,3,0.55
62.700,22.986040,113.352497,16.4,53.9,53.9,53.0,1.1,3,0.79
62.800,22.986026,113.352499,16.4,54.1,54.1,53.9,1.1,3,0.31
62.900,22.986012,113.352501,16.5,54.3,54.3,54.1,1.1,3,0.93
63.000,22.985999,113.352501,16.5,54.0,54.0,54.3,1.2,3,1.24
63.100,22.985985,113.352501,16.5,53.9,53.9,54.0,1.2,3,1.22
63.200,22.985972,113.352499,16.5,55.0,55.0,53.9,1.2,3,0.88
63.300,22.985958,113.352497,16.5,55.0,55.0,55.0,1.1,3,1.61
63.400,22.985944,113.352493,16.5,55.5,55.5,55.0,1.2,3,1.19
63.500,22.985931,113.352488,16.5,55.8,55.8,55.5,1.1,3,0.92
63.600,22.985917,113.352483,16.5,56.3,56.3,55.8,1.1,3,1.35
63.700,22.985905,113.352476,16.5,56.9,56.9,56.3,1.1,3,1.38
63.800,22.985892,113.352469,16.5,57.4,57.4,56.9,1.1,3,0.92
63.900,22.985879,113.352461,16.5,58.1,58.1,57.4,1.1,3,1.27
64.000,22.985867,113.352453,16.6,57.6,57.6,58.1,1.1,3,1.07
64.100,22.985854,113.352444,16.6,58.7,58.7,57.6,1.1,3,0.95
64.200,22.985842,113.352435,16.6,58.7,58.7,58.6,1.1,3,0.72
64.300,22.985830,113.352426,16.6,59.0,59.0,58.7,1.1,3,1.23
64.400,22.985817,113.352417,16.6,59.1,59.1,59.0,1.1,3,1.02
64.500,22.985805,113.352407,16.7,59.9,59.9,59.0,1.1,3,1.14
64.600,22.985793,113.352397,16.7,60.6,60.6,59.9,1.1,3,1.42
64.700,22.985780,113.352387,16.7,62.4,62.4,60.6,1.1,3,1.57
64.800,22.985768,113.352377,16.7,60.7,60.7,62.4,1.1,3,1.14
64.900,22.985756,113.352366,16.8,62.1,62.1,60.7,1.1,3,1.15
65.000,22.985743,113.352355,16.8,63.3,63.3,62.1,1.1,3,1.15
65.100,22.985731,113.352345,16.8,62.7,62.7,63.3,1.1,3,0.90
65.200,22.985718,113.352335,16.9,63.2,63.2,62.7,1.1,3,0.92
65.300,22.985705,113.352325,16.9,64.2,64.2,63.2,1.1,3,1.23
65.400,22.985691,113.352315,16.9,64.6,64.6,64.2,1.1,3,1.01
65.500,22.985677,113.352306,16.9,65.0,65.0,64.6,1.1,3,1.15
65.600,22.985663,113.352298,17.0,64.3,64.3,65.0,1.1,3,1.45
65.700,22.985648,113.352291,16.9,65.9,65.9,64.3,1.1,3,1.13
65.800,22.985633,113.352284,17.1,64.6,64.6,65.9,1.1,3,1.12
65.900,22.985617,113.352279,17.0,65.4,65.4,64.6,1.1,3,1.34
66.000,22.985601,113.352274,17.1,65.3,65.3,65.4,1.1,3,1.50
66.100,22.985585,113.352271,17.1,64.5,64.5,65.3,1.1,3,1.24
66.200,22.985569,113.352269,17.1,65.2,65.2,64.5,1.1,3,1.37
66.300,22.985553,113.352268,17.1,64.3,64.3,65.2,1.1,3,1.31
66.400,22.985536,113.352269,17.1,65.3,65.3,64.3,1.1,3,1.30
66.500,22.985520,113.352270,17.2,64.2,64.2,65.3,1.1,3,1.03
66.600,22.985504,113.352274,17.1,65.6,65.6,64.3,1.1,3,1.29
66.700,22.985488,113.352277,17.1,64.5,64.5,65.6,1.1,3,1.05
66.800,22.985473,113.352283,17.1,63.1,63.1,64.5,1.1,3,0.91
66.900,22.985458,113.352289,17.1,65.2,65.2,63.1,1.1,3,1.35
67.000,22.985443,113.352296,17.1,63.2,63.2,65.2,1.1,3,1.68
67.100,22.985430,113.352304,17.1,63.3,63.3,63.1,1.1,3,0.96
67.200,22.985416,113.352313,17.1,61.6,61.6,63.3,1.1,3,1.18
67.300,22.985404,113.352323,17.1,62.3,62.3,61.6,1.1,3,1.42
67.400,22.985392,113.352334,17.1,60.8,60.8,62.3,1.1,3,1.18
67.500,22.985382,113.352346,17.1,61.2,61.2,60.8,1.1,3,1.05
67.600,22.985372,113.352359,17.1,61.8,61.8,61.2,1.1,3,1.35
67.700,22.985364,113.352373,17.1,59.7,59.7,61.8,1.1,3,1.11
67.800,22.985356,113.352387,17.1,60.1,60.1,59.7,1.1,3,1.21
67.900,22.985350,113.352401,17.1,59.4,59.4,60.1,1.1,3,1.47
68.000,22.985344,113.352416,17.1,59.7,59.7,59.4,1.1,3,1.08
68.100,22.985340,113.352431,17.1,57.9,57.9,59.8,1.1,3,0.77
68.200,22.985337,113.352446,17.1,58.9,58.9,57.9,1.1,3,1.13
68.300,22.985334,113.352462,17.1,58.7,58.7,58.9,1.2,3,0.87
68.400,22.985334,113.352478,17.1,57.2,57.2,58.7,1.2,3,0.64
68.500,22.985334,113.352493,17.1,58.4,58.4,57.2,1.2,3,1.49
68.600,22.985336,113.352509,17.1,57.8,57.8,58.4,1.1,3,1.34
68.700,22.985339,113.352524,17.1,57.4,57.4,57.7,1.1,3,1.49
68.800,22.985342,113.352539,17.2,56.7,56.7,57.4,1.1,3,1.78
68.900,22.985348,113.352553,17.2,57.7,57.7,56.7,1.2,3,1.65
69.000,22.985354,113.352567,17.1,57.1,57.1,57.7,1.2,3,1.48
69.100,22.985361,113.352581,17.1,57.0,57.0,57.1,1.2,3,1.48
69.200,22.985369,113.352593,17.1,57.2,57.2,57.0,1.2,3,1.58
69.300,22.985379,113.352605,17.1,57.4,57.4,57.2,1.2,3,1.23
69.400,22.985389,113.352616,17.1,56.8,56.8,57.4,1.1,3,1.36
69.500,22.985400,113.352626,17.1,57.4,57.4,56.8,1.1,3,1.35
69.600,22.985412,113.352635,17.0,57.3,57.3,57.4,1.1,3,1.44
69.700,22.985424,113.352642,17.0,57.2,57.2,57.3,1.1,3,1.42
69.800,22.985437,113.352649,17.0,58.3,58.3,57.2,1.1,3,1.26
69.900,22.985451,113.352655,17.0,57.9,57.9,58.3,1.1,3,1.19
70.000,22.985465,113.352660,17.0,58.7,58.7,57.9,1.1,3,1.32
70.100,22.985479,113.352664,17.0,58.2,58.2,58.7,1.1,3,1.91
70.200,22.985494,113.352667,17.0,59.0,59.0,58.2,1.1,3,2.82
70.300,22.985508,113.352669,17.0,59.6,59.6,59.0,1.1,3,1.78
70.400,22.985523,113.352670,16.9,59.1,59.1,59.7,1.1,3,1.35
70.500,22.985538,113.352671,16.9,60.4,60.4,59.1,1.1,3,1.10
70.600,22.985554,113.352671,16.9,61.2,61.2,60.4,1.1,3,1.22
70.700,22.985569,113.352671,16.9,61.5,61.5,61.2,1.1,3,1.73
70.800,22.985585,113.352671,16.9,62.5,62.5,61.5,1.1,3,2.03
70.900,22.985600,113.352670,16.9,62.6,62.6,62.5,1.1,3,2.01
71.000,22.985616,113.352669,16.9,62.5,62.5,62.6,1.2,3,2.63
71.100,22.985632,113.352667,16.8,63.3,63.3,62.5,1.2,3,1.57
71.200,22.985648,113.352665,16.9,63.6,63.6,63.3,1.2,3,1.31
71.300,22.985664,113.352663,16.8,64.4,64.4,63.6,1.1,3,1.63
71.400,22.985680,113.352660,16.9,65.1,65.1,64.4,1.1,3,2.20
71.500,22.985696,113.352658,16.9,65.1,65.1,65.2,1.1,3,2.02
71.600,22.985712,113.352655,16.9,65.1,65.1,65.1,1.1,3,1.50
71.700,22.985729,113.352653,16.8,65.6,65.6,65.1,1.1,3,1.19
71.800,22.985746,113.352651,16.8,67.2,67.2,65.6,1.1,3,1.14
71.900,22.985762,113.352649,16.8,66.9,66.9,67.2,1.1,3,1.30
72.000,22.985779,113.352649,16.8,67.0,67.0,66.9,1.1,3,2.32
72.100,22.985796,113.352649,16.9,67.2,67.2,67.0,1.1,3,2.89
72.200,22.985813,113.352649,16.8,66.6,66.6,67.1,1.1,3,2.97
72.300,22.985829,113.352650,16.8,64.6,64.6,66.6,1.1,3,2.24
72.400,22.985844,113.352651,16.8,62.0,62.0,64.6,1.1,3,1.82
72.500,22.985859,113.352653,16.8,59.9,59.9,62.0,1.1,3,1.22
72.600,22.985874,113.352655,16.8,58.6,58.6,59.9,1.1,3,1.14
72.700,22.985888,113.352658,16.8,55.7,55.7,58.6,1.1,3,1.43
72.800,22.985901,113.352662,16.8,55.1,55.1,55.7,1.1,3,1.65
72.900,22.985914,113.352666,16.8,54.1,54.1,55.1,1.1,3,1.63
73.000,22.985926,113.352672,16.8,52.1,52.1,54.1,1.1,3,1.76
73.100,22.985937,113.352678,16.8,50.5,50.5,52.2,1.1,3,1.81
73.200,22.985948,113.352686,16.8,49.5,49.5,50.5,1.1,3,1.60
73.300,22.985957,113.352694,16.8,48.5,48.5,49.5,1.1,3,1.35
73.400,22.985965,113.352703,16.8,47.5,47.5,48.5,1.2,3,1.30
73.500,22.985973,113.352713,16.7,46.7,46.7,47.5,1.1,3,1.54
73.600,22.985979,113.352723,16.7,46.7,46.7,46.7,1.1,3,1.87
73.700,22.985985,113.352735,16.7,45.7,45.7,46.7,1.1,3,2.13
73.800,22.985989,113.352746,16.7,46.6,46.6,45.7,1.1,3,2.86
73.900,22.985992,113.352758,16.7,45.4,45.4,46.6,1.2,3,2.44
74.000,22.985993,113.352771,16.6,45.9,45.9,45.4,1.1,3,1.75
74.100,22.985994,113.352783,16.6,45.9,45.9,45.9,1.1,3,1.55
74.200,22.985994,113.352796,16.6,45.8,45.8,45.9,1.1,3,1.98
74.300,22.985993,113.352808,16.6,46.0,46.0,45.8,1.1,3,1.39
74.400,22.985991,113.352820,16.5,46.9,46.9,46.0,1.1,3,1.33
74.500,22.985988,113.352832,16.6,45.4,45.4,46.9,1.1,3,1.85
74.600,22.985983,113.352844,16.5,47.1,47.1,45.4,1.1,3,1.90
74.700,22.985978,113.352855,16.5,45.6,45.6,47.1,1.1,3,1.90
74.800,22.985971,113.352865,16.5,47.1,47.1,45.6,1.1,3,1.79
74.900,22.985963,113.352875,16.5,46.2,46.2,47.1,1.1,3,1.78
75.000,22.985955,113.352884,16.6,46.7,46.7,46.2,1.1,3,1.56
75.100,22.985945,113.352892,16.5,47.6,47.6,46.7,1.1,3,1.85
75.200,22.985936,113.352899,16.5,46.3,46.3,47.7,1.1,3,2.73
75.300,22.985925,113.352905,16.5,49.0,49.0,46.3,1.1,3,2.95
75.400,22.985914,113.352910,16.5,48.3,48.3,49.0,1.1,3,2.57
75.500,22.985902,113.352915,16.5,49.0,49.0,48.3,1.1,3,2.57
75.600,22.985891,113.352919,16.6,48.7,48.7,49.0,1.1,3,2.01
75.700,22.985878,113.352922,16.6,49.3,49.3,48.7,1.1,3,1.49
75.800,22.985866,113.352923,16.6,49.5,49.5,49.3,1.2,3,1.80
75.900,22.985854,113.352924,16.6,49.1,49.1,49.5,1.1,3,2.23
76.000,22.985841,113.352925,16.6,50.5,50.5,49.1,1.1,3,2.40
76.111,22.985828,113.352925,16.6,50.8,50.8,50.4,1.2,3,2.25
76.222,22.985816,113.352924,16.5,50.7,50.7,50.8,1.1,3,1.82
76.333,22.985803,113.352923,16.6,51.0,51.0,50.7,1.1,3,1.27
76.444,22.985790,113.352921,16.6,52.0,52.0,51.0,1.1,3,0.94
76.556,22.985777,113.352919,16.6,52.0,52.0,51.9,1.1,3,2.20
76.667,22.985764,113.352918,16.6,52.9,52.9,52.0,1.1,3,4.47
76.778,22.985750,113.352916,16.6,53.6,53.6,52.9,1.1,3,3.41
76.889,22.985737,113.352914,16.6,53.6,53.6,53.6,1.1,3,2.20
77.000,22.985723,113.352913,16.6,54.8,54.8,53.5,1.1,3,1.95
77.091,22.985709,113.352912,16.6,55.5,55.5,54.8,1.2,3,2.59
77.182,22.985695,113.352911,16.6,55.9,55.9,55.5,1.2,3,2.19
77.273,22.985681,113.352910,16.6,57.0,57.0,55.9,1.1,3,2.78
77.364,22.985667,113.352909,16.6,57.2,57.2,57.0,1.2,3,1.89
77.455,22.985652,113.352908,16.7,57.3,57.3,57.2,1.1,3,1.66
77.545,22.985638,113.352907,16.7,58.1,58.1,57.3,1.2,3,1.64
77.636,22.985623,113.352906,16.7,58.4,58.4,58.1,1.2,3,2.75
77.727,22.985609,113.352905,16.7,58.8,58.8,58.4,1.1,3,2.64
77.818,22.985594,113.352904,16.7,59.8,59.8,58.8,1.2,3,2.31
77.909,22.985578,113.352904,16.8,60.2,60.2,59.8,1.2,3,1.91
78.000,22.985563,113.352903,16.8,60.2,60.2,60.2,1.4,3,1.33
78.100,22.985548,113.352902,16.7,61.9,61.9,60.2,1.4,3,1.49
78.200,22.985532,113.352901,16.7,62.3,62.3,61.9,1.4,3,1.58
78.300,22.985516,113.352900,16.7,63.3,63.3,62.3,1.2,3,2.11
78.400,22.985500,113.352899,16.7,63.6,63.6,63.3,1.7,3,3.27
78.500,22.985484,113.352897,16.7,63.9,63.9,63.6,1.2,3,2.80
78.600,22.985468,113.352896,16.7,64.2,64.2,63.9,1.1,3,2.17
78.700,22.985452,113.352896,16.8,65.3,65.3,64.2,1.1,3,1.85
78.800,22.985436,113.352895,16.8,64.1,64.1,65.3,1.1,3,1.99
78.900,22.985419,113.352894,16.8,65.7,65.7,64.1,1.1,3,2.14
79.000,22.985403,113.352893,16.8,65.9,65.9,65.7,1.2,3,1.58
79.100,22.985386,113.352892,16.9,66.3,66.3,65.9,1.1,3,1.71
79.200,22.985370,113.352891,16.9,66.2,66.2,66.3,1.1,3,1.78
79.300,22.985353,113.352890,16.9,67.6,67.6,66.2,1.2,3,1.67
79.400,22.985335,113.352889,17.0,68.0,68.0,67.6,1.2,3,1.77
79.500,22.985318,113.352888,17.0,68.2,68.2,68.0,1.2,3,1.74
79.600,22.985301,113.352887,17.0,69.2,69.2,68.2,1.2,3,1.92
79.700,22.985284,113.352886,17.0,68.7,68.7,69.2,1.2,3,1.86
79.800,22.985266,113.352885,17.0,69.5,69.5,68.7,1.2,3,1.84
79.900,22.985249,113.352884,17.0,69.6,69.6,69.5,1.2,3,1.80
80.000,22.985231,113.352884,17.0,70.1,70.1,69.6,1.2,3,1.71
80.100,22.985214,113.352883,17.0,70.2,70.2,70.1,1.2,3,1.71
80.200,22.985196,113.352881,17.0,70.9,70.9,70.2,1.1,3,2.20
80.300,22.985178,113.352880,17.0,71.4,71.4,70.9,1.2,3,2.00
80.400,22.985160,113.352879,17.0,71.1,71.1,71.4,1.1,3,1.31
80.500,22.985142,113.352878,17.0,72.4,72.4,71.1,1.2,3,1.70
80.600,22.985124,113.352876,17.0,71.9,71.9,72.4,1.2,3,1.97
80.700,22.985106,113.352875,17.0,73.1,73.1,71.9,1.1,3,1.58
80.800,22.985088,113.352874,17.0,72.8,72.8,73.1,1.2,3,1.29
80.900,22.985069,113.352874,17.0,73.6,73.6,72.8,1.1,3,1.53
81.000,22.985051,113.352874,17.0,73.9,73.9,73.6,1.1,3,1.21
81.100,22.985032,113.352876,16.9,74.2,74.2,73.9,1.1,3,1.02
81.200,22.985013,113.352879,16.9,75.0,75.0,74.2,1.1,3,0.93
81.300,22.984995,113.352882,16.9,74.2,74.2,75.0,1.1,3,1.70
81.400,22.984977,113.352886,16.9,73.8,73.8,74.2,1.1,3,2.05
81.500,22.984959,113.352891,16.9,74.9,74.9,73.8,1.1,3,2.52
81.600,22.984941,113.352897,16.9,74.2,74.2,74.9,1.1,3,2.99
81.700,22.984923,113.352904,16.9,74.3,74.3,74.2,1.1,3,2.86
81.800,22.984906,113.352913,16.9,74.2,74.2,74.3,1.1,3,2.22
81.900,22.984890,113.352921,16.9,73.7,73.7,74.2,1.2,3,1.82
82.000,22.984873,113.352930,16.9,74.6,74.6,73.7,1.2,3,1.89
82.100,22.984857,113.352941,17.0,74.4,74.4,74.6,1.2,3,1.95
82.200,22.984842,113.352952,16.9,72.5,72.5,74.4,1.2,3,1.73
82.300,22.984827,113.352965,17.0,75.0,75.0,72.5,1.2,3,1.62
82.400,22.984814,113.352978,17.0,73.3,73.3,75.0,1.2,3,1.68
82.500,22.984800,113.352992,17.0,74.9,74.9,73.3,1.3,3,1.30
82.600,22.984788,113.353008,17.0,74.2,74.2,75.0,1.3,3,1.13
82.700,22.984776,113.353023,17.1,74.2,74.2,74.2,1.3,3,0.87
82.800,22.984764,113.353039,17.1,75.1,75.1,74.2,1.3,3,1.73
82.900,22.984753,113.353055,17.1,75.0,75.0,75.1,1.3,3,1.77
83.000,22.984741,113.353071,17.1,75.1,75.1,75.0,1.3,3,1.82
83.100,22.984729,113.353087,17.1,74.9,74.9,75.1,2.0,3,2.06
83.200,22.984718,113.353103,17.2,75.1,75.1,74.9,2.0,3,2.30
83.300,22.984706,113.353118,17.2,72.2,72.2,75.1,2.0,3,2.19
83.400,22.984695,113.353133,17.2,71.0,71.0,72.3,1.6,3,1.87
83.500,22.984684,113.353148,17.2,69.7,69.7,71.0,1.4,3,2.25
83.600,22.984673,113.353162,17.2,67.4,67.4,69.7,1.3,3,2.15
83.700,22.984662,113.353175,17.2,64.7,64.7,67.4,1.3,3,1.83
83.800,22.984651,113.353187,17.3,63.9,63.9,64.7,1.3,3,1.35
83.900,22.984639,113.353197,17.2,60.9,60.9,63.9,1.3,3,1.92
84.000,22.984627,113.353206,17.2,59.2,59.2,60.9,1.4,3,2.06
84.100,22.984614,113.353214,17.2,58.9,58.9,59.2,1.4,3,1.63
84.200,22.984600,113.353221,17.2,58.3,58.3,58.9,1.4,3,1.15
84.300,22.984587,113.353227,17.2,56.5,56.5,58.3,1.4,3,1.03
84.400,22.984574,113.353230,17.2,56.0,56.0,56.5,1.4,3,1.88
84.500,22.984560,113.353233,17.2,54.4,54.4,55.9,1.4,3,2.12
84.600,22.984547,113.353234,17.2,54.3,54.3,54.4,2.0,3,3.62
84.700,22.984533,113.353234,17.2,54.3,54.3,54.3,1.4,3,2.64
84.800,22.984520,113.353232,17.2,53.5,53.5,54.3,1.4,3,2.51
84.900,22.984507,113.353229,17.3,52.4,52.4,53.5,1.4,3,1.81
85.000,22.984494,113.353225,17.2,52.5,52.5,52.3,1.4,3,2.82
85.100,22.984482,113.353220,17.3,51.2,51.2,52.5,1.4,3,2.42
85.200,22.984471,113.353213,17.2,51.7,51.7,51.2,1.6,3,1.62
85.300,22.984460,113.353205,17.3,50.7,50.7,51.7,1.6,3,1.45
85.400,22.984450,113.353196,17.2,51.4,51.4,50.7,1.6,3,1.58
85.500,22.984441,113.353187,17.2,49.8,49.8,51.4,1.3,3,1.69
85.600,22.984434,113.353177,17.1,49.6,49.6,49.8,1.3,3,1.08
85.700,22.984426,113.353166,17.2,49.5,49.5,49.6,1.2,3,1.54
85.800,22.984420,113.353154,17.0,50.0,50.0,49.5,1.2,3,1.43
85.900,22.984415,113.353142,17.0,49.3,49.3,50.0,1.2,3,1.97
86.000,22.984412,113.353129,17.0,50.8,50.8,49.2,1.2,3,1.38
86.100,22.984409,113.353116,16.9,49.2,49.2,50.8,1.2,3,1.73
86.200,22.984407,113.353103,16.9,50.3,50.3,49.2,1.2,3,2.50
86.300,22.984407,113.353089,16.8,50.0,50.0,50.3,1.2,3,2.02
86.400,22.984408,113.353076,16.7,50.5,50.5,50.0,1.2,3,1.43
86.500,22.984409,113.353062,16.7,51.2,51.2,50.5,1.2,3,1.38
86.600,22.984412,113.353049,16.6,51.0,51.0,51.3,1.2,3,2.06
86.700,22.984415,113.353035,16.6,51.1,51.1,51.0,1.2,3,1.92
86.800,22.984419,113.353022,16.6,51.6,51.6,51.1,1.2,3,2.02
86.900,22.984423,113.353009,16.6,52.3,52.3,51.6,1.2,3,1.89
87.000,22.984429,113.352996,16.5,53.4,53.4,52.3,1.2,3,1.85
87.100,22.984435,113.352983,16.5,53.6,53.6,53.4,1.2,3,1.74
87.200,22.984441,113.352970,16.5,54.5,54.5,53.6,1.2,3,1.44
87.300,22.984449,113.352957,16.5,55.0,55.0,54.5,1.2,3,2.61
87.400,22.984457,113.352945,16.4,55.4,55.4,55.0,1.2,3,2.24
87.500,22.984465,113.352932,16.3,56.2,56.2,55.4,1.2,3,1.87
87.600,22.984473,113.352920,16.3,56.6,56.6,56.2,1.2,3,1.53
87.700,22.984482,113.352908,16.3,56.9,56.9,56.6,1.2,3,1.78
87.800,22.984492,113.352896,16.3,57.9,57.9,56.9,1.2,3,1.83
87.900,22.984501,113.352884,16.3,58.3,58.3,58.0,1.2,3,1.56
88.000,22.984511,113.352873,16.4,59.4,59.4,58.3,1.2,3,1.55
88.100,22.984522,113.352861,16.4,59.1,59.1,59.4,1.3,3,1.67
88.200,22.984533,113.352850,16.4,59.5,59.5,59.1,1.3,3,1.67
88.300,22.984544,113.352839,16.4,60.6,60.6,59.5,1.3,3,1.22
88.400,22.984555,113.352828,16.4,59.3,59.3,60.6,1.2,3,1.42
88.500,22.984566,113.352817,16.5,61.2,61.2,59.3,1.2,3,1.57
88.600,22.984578,113.352807,16.5,60.5,60.5,61.2,1.2,3,1.66
88.700,22.984590,113.352796,16.5,61.5,61.5,60.5,1.2,3,1.38
88.800,22.984602,113.352785,16.5,62.3,62.3,61.5,1.2,3,1.32
88.900,22.984615,113.352775,16.5,62.4,62.4,62.3,1.2,3,1.62
89.000,22.984627,113.352764,16.5,63.3,63.3,62.4,1.2,3,1.42
89.100,22.984639,113.352753,16.5,63.7,63.7,63.3,1.3,3,1.33
89.200,22.984651,113.352742,16.5,64.1,64.1,63.6,1.2,3,1.50
89.300,22.984664,113.352730,16.6,65.2,65.2,64.0,1.2,3,1.66
89.400,22.984676,113.352719,16.6,65.8,65.8,65.2,1.2,3,0.94
89.500,22.984689,113.352707,16.6,65.9,65.9,65.8,1.2,3,0.75
89.600,22.984701,113.352695,16.5,65.9,65.9,66.0,1.3,3,0.96
89.700,22.984714,113.352684,16.5,66.9,66.9,66.0,1.2,3,1.28
89.800,22.984727,113.352672,16.5,67.1,67.1,66.9,1.3,3,1.47
89.900,22.984740,113.352660,16.5,67.7,67.7,67.1,1.2,3,1.26
90.000,22.984753,113.352648,16.5,67.9,67.9,67.7,1.2,3,1.95
90.100,22.984765,113.352636,16.5,67.7,67.7,67.9,1.2,3,1.61
90.200,22.984778,113.352622,16.5,69.2,69.2,67.7,1.2,3,1.49
90.300,22.984790,113.352609,16.5,68.5,68.5,69.2,1.2,3,1.28
90.400,22.984802,113.352596,16.5,69.4,69.4,68.5,1.2,3,1.95
90.500,22.984814,113.352582,16.5,70.3,70.3,69.4,1.2,3,1.50
90.600,22.984827,113.352568,16.5,70.9,70.9,70.3,1.2,3,1.20
90.700,22.984839,113.352554,16.6,71.0,71.0,70.9,1.2,3,1.24
90.800,22.984851,113.352540,16.5,70.9,70.9,71.0,1.3,3,1.25
90.900,22.984863,113.352525,16.6,71.7,71.7,70.8,1.2,3,0.94
91.000,22.984874,113.352511,16.5,71.5,71.5,71.7,1.2,3,0.93
91.100,22.984887,113.352496,16.5,73.0,73.0,71.5,1.2,3,1.62
91.200,22.984898,113.352481,16.5,72.7,72.7,73.0,1.2,3,1.64
91.300,22.984910,113.352466,16.5,72.9,72.9,72.7,1.2,3,1.81
91.400,22.984922,113.352451,16.5,73.8,73.8,72.9,1.2,3,1.83
91.500,22.984934,113.352436,16.5,73.4,73.4,73.8,1.2,3,2.24
91.600,22.984946,113.352420,16.5,74.3,74.3,73.4,1.2,3,1.84
91.700,22.984959,113.352405,16.5,74.3,74.3,74.3,1.2,3,1.80
91.800,22.984970,113.352390,16.5,74.4,74.4,74.3,1.2,3,1.76
91.900,22.984983,113.352374,16.5,75.3,75.3,74.4,1.2,3,1.84
92.000,22.984995,113.352359,16.5,75.5,75.5,75.3,1.2,3,1.56
92.100,22.985007,113.352343,16.5,75.3,75.3,75.5,1.2,3,1.46
92.200,22.985019,113.352327,16.4,76.0,76.0,75.3,1.2,3,1.58
92.300,22.985032,113.352312,16.4,75.9,75.9,76.0,1.2,3,1.41
92.400,22.985045,113.352296,16.4,76.2,76.2,75.9,1.2,3,1.30
92.500,22.985057,113.352281,16.4,76.7,76.7,76.2,1.3,3,1.06
92.600,22.985070,113.352266,16.4,76.5,76.5,76.6,1.2,3,1.68
92.700,22.985083,113.352250,16.4,77.4,77.4,76.5,1.2,3,1.56
92.800,22.985096,113.352234,16.4,77.4,77.4,77.4,1.2,3,1.57
92.900,22.985109,113.352219,16.4,77.2,77.2,77.4,1.2,3,1.66
93.000,22.985122,113.352203,16.4,77.1,77.1,77.2,1.2,3,1.84
93.100,22.985134,113.352187,16.4,77.1,77.1,77.1,1.2,3,1.74
93.200,22.985146,113.352171,16.4,75.9,75.9,77.1,1.3,3,1.63
93.300,22.985159,113.352156,16.4,75.3,75.3,75.9,1.3,3,1.55
93.400,22.985171,113.352140,16.5,75.0,75.0,75.3,1.4,3,1.30
93.500,22.985183,113.352125,16.5,73.4,73.4,75.0,1.2,3,1.29
93.600,22.985195,113.352110,16.5,71.7,71.7,73.4,1.2,3,1.24
93.700,22.985207,113.352096,16.6,72.1,72.1,71.6,1.2,3,1.71
93.800,22.985218,113.352082,16.6,70.6,70.6,72.1,1.2,3,1.61
93.900,22.985231,113.352068,16.5,69.8,69.8,70.6,1.2,3,1.66
94.000,22.985242,113.352054,16.6,68.9,68.9,69.8,1.2,3,2.26
94.100,22.985254,113.352041,16.6,67.8,67.8,68.9,1.2,3,2.07
94.200,22.985266,113.352028,16.6,67.5,67.5,67.8,1.2,3,1.57
94.300,22.985278,113.352015,16.7,66.8,66.8,67.5,1.2,3,1.59
94.400,22.985291,113.352003,16.7,66.4,66.4,66.8,1.2,3,1.41
94.500,22.985304,113.351992,16.7,65.4,65.4,66.4,1.2,3,1.49
94.600,22.985316,113.351982,16.7,63.7,63.7,65.4,1.2,3,1.07
94.700,22.985330,113.351973,16.8,62.3,62.3,63.7,1.2,3,1.51
94.800,22.985343,113.351966,16.8,61.8,61.8,62.3,1.2,3,1.70
94.900,22.985357,113.351959,16.8,61.0,61.0,61.8,1.2,3,2.14
95.000,22.985371,113.351953,16.8,58.8,58.8,61.0,1.2,3,2.59
95.100,22.985385,113.351948,16.8,59.0,59.0,58.8,1.2,3,2.29
95.200,22.985399,113.351945,16.9,58.0,58.0,59.0,1.2,3,2.16
95.300,22.985414,113.351943,16.9,57.6,57.6,58.0,1.2,3,1.66
95.400,22.985428,113.351942,16.9,56.2,56.2,57.6,1.2,3,0.92
95.500,22.985442,113.351941,16.9,55.9,55.9,56.2,1.2,3,0.74
95.600,22.985456,113.351941,16.9,55.8,55.8,55.9,1.2,3,1.07
95.700,22.985469,113.351943,16.9,53.9,53.9,55.8,1.2,3,0.47
95.800,22.985483,113.351945,17.0,55.0,55.0,53.9,1.2,3,0.45
95.900,22.985496,113.351947,17.0,52.9,52.9,55.0,1.2,3,1.21
96.000,22.985508,113.351952,17.0,52.3,52.3,52.9,1.2,3,1.42
96.100,22.985521,113.351957,17.0,55.1,55.1,52.3,1.2,3,2.48
96.200,22.985533,113.351962,17.1,50.7,50.7,55.1,1.2,3,3.10
96.300,22.985545,113.351969,17.1,53.1,53.1,50.7,1.2,3,2.00
96.400,22.985556,113.351976,17.1,52.6,52.6,53.1,1.2,3,1.21
96.500,22.985567,113.351984,17.1,51.7,51.7,52.6,1.2,3,1.04
96.600,22.985578,113.351991,17.1,52.2,52.2,51.7,1.2,3,1.95
96.700,22.985589,113.351999,17.1,51.1,51.1,52.2,1.2,3,1.69
96.800,22.985599,113.352007,17.0,51.5,51.5,51.1,1.2,3,1.01
96.900,22.985609,113.352016,17.1,51.5,51.5,51.5,1.2,3,1.07
97.000,22.985618,113.352025,17.1,49.1,49.1,51.5,1.2,3,1.34
97.100,22.985627,113.352035,17.1,51.5,51.5,49.1,1.2,3,1.95
97.200,22.985636,113.352045,17.1,50.8,50.8,51.5,1.2,3,1.91
97.300,22.985646,113.352054,17.1,49.1,49.1,50.8,1.2,3,1.77
97.400,22.985655,113.352062,17.1,49.3,49.3,49.1,1.2,3,2.07
97.500,22.985665,113.352069,17.1,48.8,48.8,49.2,1.2,3,1.98
97.600,22.985676,113.352076,17.1,48.2,48.2,48.8,1.2,3,2.51
97.700,22.985686,113.352082,17.1,48.1,48.1,48.2,1.2,3,2.76
97.800,22.985697,113.352088,17.1,47.4,47.4,48.1,1.1,3,3.06
97.900,22.985708,113.352092,17.1,47.1,47.1,47.4,1.1,3,2.16
98.000,22.985719,113.352096,17.0,45.4,45.4,47.1,1.1,3,1.28
98.100,22.985730,113.352098,17.1,45.3,45.3,45.4,1.1,3,1.64
98.200,22.985741,113.352100,17.1,43.8,43.8,45.3,1.1,3,1.88
98.300,22.985753,113.352100,17.1,45.2,45.2,43.8,1.1,3,1.91
98.400,22.985764,113.352100,17.0,43.6,43.6,45.2,1.1,3,1.55
98.500,22.985775,113.352098,17.0,43.8,43.8,43.6,1.1,3,1.13
98.600,22.985786,113.352096,17.0,44.7,44.7,43.8,1.1,3,1.08
98.700,22.985797,113.352094,17.0,44.7,44.7,44.7,1.1,3,1.39
98.800,22.985808,113.352092,17.0,45.1,45.1,44.7,1.1,3,0.76
98.900,22.985819,113.352091,17.0,44.9,44.9,45.1,1.1,3,0.78
99.000,22.985831,113.352090,17.0,45.2,45.2,44.9,1.1,3,1.07
99.100,22.985842,113.352090,17.0,44.3,44.3,45.2,1.1,3,1.33
99.200,22.985853,113.352090,17.0,44.3,44.3,44.3,1.1,3,1.07
99.300,22.985864,113.352092,17.0,44.7,44.7,44.4,1.1,3,1.73
99.400,22.985875,113.352094,17.0,45.1,45.1,44.7,1.1,3,1.59
99.500,22.985886,113.352098,17.0,44.3,44.3,45.1,1.1,3,1.72
99.600,22.985896,113.352102,17.0,43.9,43.9,44.4,1.1,3,1.22
99.700,22.985906,113.352108,17.0,43.7,43.7,43.9,1.1,3,1.48
99.800,22.985915,113.352114,16.9,43.6,43.6,43.7,1.1,3,1.34
99.900,22.985924,113.352121,16.9,42.3,42.3,43.6,1.1,3,0.94
100.000,22.985932,113.352129,16.9,43.0,43.0,42.3,1.1,3,0.93
100.100,22.985939,113.352137,16.9,42.3,42.3,43.0,1.1,3,1.46
100.200,22.985946,113.352146,16.9,42.3,42.3,42.3,1.1,3,1.17
100.300,22.985951,113.352156,16.9,41.5,41.5,42.3,1.1,3,0.59
100.400,22.985957,113.352166,16.9,42.1,42.1,41.5,1.1,3,0.87
100.500,22.985961,113.352176,17.0,40.1,40.1,42.0,1.1,3,1.07
100.600,22.985965,113.352186,17.0,41.2,41.2,40.1,1.1,3,0.66
100.700,22.985969,113.352197,17.0,41.4,41.4,41.2,1.1,3,0.54
100.800,22.985973,113.352207,16.9,40.8,40.8,41.4,1.1,3,1.20
100.900,22.985977,113.352217,17.0,41.1,41.1,40.8,1.1,3,1.22
101.000,22.985981,113.352227,16.9,40.7,40.7,41.1,1.1,3,1.02
101.100,22.985986,113.352237,16.9,41.3,41.3,40.8,1.1,3,1.40
101.200,22.985990,113.352247,16.9,41.2,41.2,41.3,1.1,3,1.48
101.300,22.985996,113.352257,16.9,41.0,41.0,41.2,1.1,3,0.71
101.400,22.986001,113.352266,16.9,40.2,40.2,41.0,1.1,3,1.04
101.500,22.986008,113.352275,16.9,40.3,40.3,40.2,1.1,3,1.37
101.600,22.986014,113.352283,16.9,38.9,38.9,40.3,1.1,3,1.36
101.700,22.986021,113.352289,16.9,37.5,37.5,38.9,1.1,3,0.95
101.800,22.986028,113.352295,16.9,36.1,36.1,37.5,1.1,3,1.69
101.900,22.986036,113.352301,16.9,36.5,36.5,36.1,1.1,3,1.78
102.000,22.986044,113.352305,16.9,35.5,35.5,36.5,1.1,3,0.92
102.100,22.986053,113.352307,16.9,34.3,34.3,35.5,1.1,3,0.89
102.200,22.986061,113.352309,16.9,35.4,35.4,34.3,1.1,3,1.19
102.300,22.986071,113.352309,16.8,36.1,36.1,35.4,1.1,3,0.93
102.400,22.986079,113.352308,16.9,35.4,35.4,36.1,1.2,3,0.91
102.500,22.986088,113.352306,16.8,36.0,36.0,35.4,1.1,3,1.30
102.600,22.986097,113.352303,16.8,36.5,36.5,36.0,1.1,3,1.07
102.700,22.986105,113.352299,16.8,36.8,36.8,36.5,1.1,3,0.91
102.800,22.986113,113.352293,16.8,36.9,36.9,36.9,1.1,3,1.36
102.900,22.986121,113.352287,16.8,37.6,37.6,36.9,1.1,3,1.14
103.000,22.986128,113.352281,16.8,37.7,37.7,37.6,1.2,3,0.87
103.100,22.986135,113.352274,16.8,38.0,38.0,37.7,1.1,3,0.52
103.200,22.986141,113.352266,16.8,39.2,39.2,38.1,1.1,3,1.25
103.300,22.986148,113.352258,16.8,39.3,39.3,39.2,1.1,3,1.02
103.400,22.986154,113.352249,16.8,40.5,40.5,39.3,1.1,3,1.04
103.500,22.986159,113.352239,16.8,41.0,41.0,40.5,1.1,3,1.56
103.600,22.986164,113.352229,16.8,41.7,41.7,41.0,1.2,3,1.62
103.700,22.986169,113.352219,16.8,42.5,42.5,41.7,1.1,3,0.77
103.800,22.986173,113.352208,16.8,43.6,43.6,42.6,1.1,3,0.85
103.900,22.986178,113.352198,16.8,43.8,43.8,43.6,1.1,3,0.82
104.000,22.986183,113.352187,16.8,43.9,43.9,43.8,1.1,3,0.57
104.100,22.986188,113.352176,16.8,44.9,44.9,44.0,1.1,3,0.61
104.200,22.986193,113.352165,16.8,45.2,45.2,44.9,1.1,3,1.49
104.300,22.986197,113.352154,16.8,45.8,45.8,45.2,1.1,3,1.21
104.400,22.986202,113.352142,16.8,46.3,46.3,45.8,1.1,3,1.22
104.500,22.986208,113.352131,16.9,47.0,47.0,46.3,1.1,3,1.73
104.600,22.986213,113.352120,16.9,47.7,47.7,47.1,1.1,3,1.14
104.700,22.986220,113.352108,16.9,48.2,48.2,47.7,1.1,3,0.74
104.800,22.986227,113.352098,16.8,49.0,49.0,48.2,1.2,3,0.86
104.900,22.986235,113.352088,16.9,49.4,49.4,49.0,1.1,3,0.95
105.000,22.986245,113.352079,16.9,49.4,49.4,49.4,1.1,3,0.50
105.100,22.986254,113.352070,16.9,49.6,49.6,49.4,1.1,3,0.87
105.200,22.986264,113.352062,16.9,49.7,49.7,49.6,1.1,3,1.26
105.300,22.986275,113.352055,16.9,50.4,50.4,49.7,1.1,3,1.09
105.400,22.986286,113.352048,16.9,50.8,50.8,50.4,1.1,3,0.98
105.500,22.986297,113.352043,17.0,50.4,50.4,50.8,1.1,3,1.66
105.600,22.986310,113.352038,17.0,51.5,51.5,50.4,1.1,3,1.12
105.700,22.986322,113.352034,17.0,50.7,50.7,51.4,1.1,3,1.13
105.800,22.986334,113.352030,17.0,51.2,51.2,50.7,1.1,3,1.34
105.900,22.986347,113.352028,17.0,51.4,51.4,51.2,1.1,3,1.13
106.000,22.986360,113.352028,17.0,50.9,50.9,51.4,1.1,3,0.63
106.100,22.986373,113.352028,17.1,51.8,51.8,50.9,1.1,3,0.94
106.200,22.986386,113.352029,17.1,50.6,50.6,51.8,1.1,3,1.10
106.300,22.986398,113.352032,17.1,50.8,50.8,50.6,1.1,3,0.67
106.400,22.986410,113.352037,17.1,51.3,51.3,50.8,1.1,3,0.68
106.500,22.986422,113.352042,17.1,51.1,51.1,51.3,1.1,3,1.24
106.600,22.986434,113.352048,17.2,50.6,50.6,51.1,1.1,3,0.84
106.700,22.986445,113.352055,17.1,51.7,51.7,50.6,1.1,3,0.76
106.800,22.986455,113.352064,17.2,51.4,51.4,51.7,1.1,3,1.04
106.900,22.986465,113.352073,17.1,51.9,51.9,51.3,1.1,3,0.88
107.000,22.986474,113.352083,17.2,52.1,52.1,51.9,1.1,3,0.84
107.100,22.986482,113.352094,17.2,52.4,52.4,52.1,1.1,3,1.32
107.200,22.986490,113.352105,17.2,53.1,53.1,52.4,1.2,3,1.40
107.300,22.986498,113.352117,17.2,52.7,52.7,53.1,1.2,3,1.35
107.400,22.986506,113.352129,17.2,53.7,53.7,52.7,1.1,3,1.57
107.500,22.986513,113.352142,17.2,53.3,53.3,53.7,1.1,3,1.54
107.600,22.986519,113.352155,17.2,54.5,54.5,53.4,1.1,3,1.25
107.700,22.986525,113.352168,17.2,55.0,55.0,54.5,1.1,3,1.12
107.800,22.986531,113.352182,17.2,55.0,55.0,55.0,1.2,3,1.45
107.900,22.986537,113.352196,17.2,55.8,55.8,55.0,1.2,3,1.24
108.000,22.986542,113.352210,17.2,56.4,56.4,55.8,1.1,3,1.22
108.100,22.986547,113.352224,17.1,56.9,56.9,56.4,1.1,3,1.27
108.200,22.986552,113.352239,17.1,57.2,57.2,56.9,1.1,3,1.18
108.300,22.986557,113.352254,17.1,58.4,58.4,57.2,1.1,3,0.89
108.400,22.986562,113.352269,17.1,58.4,58.4,58.4,1.2,3,1.77
108.500,22.986566,113.352284,17.0,58.5,58.5,58.4,1.1,3,1.08
108.600,22.986571,113.352299,17.1,59.7,59.7,58.5,1.1,3,0.82
108.700,22.986576,113.352315,17.0,59.7,59.7,59.7,1.1,3,1.16
108.800,22.986580,113.352330,17.0,60.4,60.4,59.7,1.1,3,1.24
108.900,22.986585,113.352346,17.0,60.1,60.1,60.4,1.1,3,1.12
109.000,22.986590,113.352361,17.0,60.8,60.8,60.1,1.2,3,1.35
109.100,22.986595,113.352377,17.0,61.3,61.3,60.8,1.1,3,1.54
109.200,22.986600,113.352393,17.0,62.3,62.3,61.3,1.1,3,1.25
109.300,22.986604,113.352409,17.0,61.4,61.4,62.4,1.1,3,1.59
109.400,22.986608,113.352426,16.9,62.0,62.0,61.4,1.1,3,1.67
109.500,22.986613,113.352442,16.9,63.4,63.4,62.0,1.1,3,1.41
109.600,22.986617,113.352459,16.9,63.1,63.1,63.4,1.1,3,1.16
109.700,22.986621,113.352475,16.8,63.6,63.6,63.1,1.1,3,1.34
109.800,22.986624,113.352492,16.8,64.0,64.0,63.6,1.2,3,0.98
109.900,22.986626,113.352509,16.8,63.6,63.6,64.0,1.1,3,0.86
110.000,22.986629,113.352527,16.7,64.0,64.0,63.6,1.1,3,0.91
110.100,22.986630,113.352544,16.7,64.6,64.6,64.0,1.1,3,0.83
110.200,22.986631,113.352561,16.7,64.5,64.5,64.5,1.1,3,0.76
110.300,22.986632,113.352579,16.6,64.3,64.3,64.5,1.2,3,0.97
110.400,22.986632,113.352596,16.6,64.6,64.6,64.3,1.2,3,1.13
110.500,22.986631,113.352614,16.6,64.3,64.3,64.6,1.1,3,1.12
110.600,22.986629,113.352631,16.5,64.3,64.3,64.3,1.1,3,1.10
110.700,22.986626,113.352649,16.5,64.7,64.7,64.3,1.1,3,1.35
110.800,22.986621,113.352665,16.4,64.4,64.4,64.7,1.2,3,1.50
110.900,22.986615,113.352682,16.4,64.7,64.7,64.4,1.1,3,1.47
111.000,22.986609,113.352698,16.4,64.2,64.2,64.7,1.2,3,1.56
111.100,22.986601,113.352713,16.3,64.3,64.3,64.2,1.2,3,1.55
111.200,22.986593,113.352728,16.4,64.2,64.2,64.3,1.2,3,1.28
111.300,22.986584,113.352742,16.3,64.2,64.2,64.2,1.1,3,1.09
111.400,22.986574,113.352756,16.3,64.6,64.6,64.2,1.1,3,1.14
111.500,22.986564,113.352769,16.3,63.6,63.6,64.7,1.2,3,1.22
111.600,22.986553,113.352782,16.4,63.6,63.6,63.6,1.2,3,1.26
111.700,22.986541,113.352794,16.3,63.8,63.8,63.5,1.2,3,1.47
111.800,22.986529,113.352805,16.4,63.2,63.2,63.9,1.1,3,1.35
111.900,22.986515,113.352815,16.3,64.5,64.5,63.2,1.1,3,0.94
112.000,22.986502,113.352823,16.3,63.3,63.3,64.5,1.4,3,1.08
112.100,22.986488,113.352831,16.3,63.6,63.6,63.3,1.2,3,1.14
112.200,22.986473,113.352838,16.3,62.2,62.2,63.6,1.1,3,1.03
112.300,22.986458,113.352843,16.3,62.4,62.4,62.2,1.1,3,1.04
112.400,22.986443,113.352847,16.4,61.5,61.5,62.4,1.1,3,1.28
112.500,22.986428,113.352850,16.3,62.4,62.4,61.5,1.1,3,1.58
112.600,22.986412,113.352852,16.3,62.4,62.4,62.4,1.1,3,1.29
112.700,22.986397,113.352854,16.3,61.5,61.5,62.4,1.1,3,1.68
112.800,22.986382,113.352855,16.3,61.3,61.3,61.5,1.1,3,1.65
112.900,22.986366,113.352856,16.3,60.0,60.0,61.3,1.1,3,1.44
113.000,22.986352,113.352855,16.3,58.3,58.3,60.0,1.1,3,1.04
113.100,22.986337,113.352852,16.3,58.0,58.0,58.2,1.1,3,1.10
113.200,22.986324,113.352848,16.3,56.3,56.3,58.0,1.2,3,1.27
113.300,22.986311,113.352844,16.3,54.8,54.8,56.3,1.1,3,1.09
113.400,22.986298,113.352838,16.4,53.1,53.1,54.8,1.1,3,1.11
113.500,22.986287,113.352831,16.3,52.5,52.5,53.1,1.1,3,1.15
113.600,22.986276,113.352823,16.3,50.8,50.8,52.5,1.1,3,1.31
113.700,22.986266,113.352814,16.3,49.9,49.9,50.8,1.1,3,1.26
113.800,22.986258,113.352805,16.3,49.4,49.4,49.9,1.1,3,1.09
113.900,22.986250,113.352795,16.4,47.2,47.2,49.4,1.1,3,1.20
114.000,22.986244,113.352784,16.4,47.6,47.6,47.2,1.1,3,1.35
114.100,22.986238,113.352773,16.4,46.2,46.2,47.6,1.1,3,1.42
114.200,22.986234,113.352761,16.3,46.0,46.0,46.2,1.1,3,1.45
114.300,22.986231,113.352749,16.4,43.9,43.9,46.0,1.1,3,1.52
114.400,22.986229,113.352737,16.4,45.1,45.1,43.9,1.1,3,1.61
114.500,22.986228,113.352726,16.5,43.3,43.3,45.1,1.1,3,1.28
114.600,22.986228,113.352713,16.4,44.7,44.7,43.3,1.1,3,1.35
114.700,22.986230,113.352702,16.5,41.6,41.6,44.7,1.1,3,1.78
114.800,22.986232,113.352691,16.4,43.4,43.4,41.5,1.1,3,1.89
114.900,22.986235,113.352680,16.5,41.5,41.5,43.4,1.1,3,1.67
115.000,22.986240,113.352670,16.5,42.9,42.9,41.5,1.1,3,1.76
115.100,22.986246,113.352660,16.4,41.9,41.9,42.9,1.1,3,1.89
115.200,22.986252,113.352652,16.5,40.2,40.2,41.9,1.2,3,1.51
115.300,22.986260,113.352644,16.5,41.0,41.0,40.2,1.2,3,1.44
115.400,22.986268,113.352637,16.5,40.7,40.7,41.0,1.2,3,1.71
115.500,22.986276,113.352631,16.5,40.6,40.6,40.7,1.1,3,1.83
115.600,22.986285,113.352624,16.5,40.4,40.4,40.6,1.1,3,1.72
115.700,22.986293,113.352618,16.5,41.4,41.4,40.5,1.1,3,1.45
115.800,22.986301,113.352610,16.5,43.1,43.1,41.4,1.1,3,1.35
115.900,22.986308,113.352602,16.5,40.2,40.2,43.1,1.1,3,1.33
116.000,22.986314,113.352593,16.6,40.0,40.0,40.2,1.1,3,1.56
116.100,22.986319,113.352583,16.6,41.7,41.7,40.0,1.1,3,1.77
116.200,22.986323,113.352572,16.6,41.9,41.9,41.7,1.1,3,1.71
116.300,22.986325,113.352561,16.7,41.6,41.6,41.9,1.1,3,1.80
116.400,22.986327,113.352550,16.7,42.4,42.4,41.6,1.1,3,1.58
116.500,22.986327,113.352538,16.7,42.2,42.2,42.4,1.1,3,1.10
116.600,22.986326,113.352527,16.7,41.4,41.4,42.2,1.1,3,1.45
116.700,22.986324,113.352516,16.7,41.0,41.0,41.4,1.1,3,1.71
116.800,22.986321,113.352506,16.7,41.5,41.5,41.0,1.1,3,1.15
116.900,22.986317,113.352495,16.7,41.4,41.4,41.5,1.1,3,1.18
117.000,22.986312,113.352485,16.6,42.4,42.4,41.4,1.1,3,1.28
117.100,22.986306,113.352476,16.7,40.8,40.8,42.4,1.1,3,1.11
117.200,22.986299,113.352467,16.6,42.5,42.5,40.8,1.1,3,1.51
117.300,22.986292,113.352459,16.6,41.7,41.7,42.5,1.1,3,1.81
117.400,22.986283,113.352452,16.6,41.7,41.7,41.7,1.1,3,2.01
117.500,22.986275,113.352446,16.6,40.8,40.8,41.7,1.1,3,2.20
117.600,22.986265,113.352441,16.6,40.8,40.8,40.8,1.1,3,1.95
117.700,22.986255,113.352438,16.6,41.8,41.8,40.8,1.1,3,1.41
117.800,22.986245,113.352435,16.6,42.3,42.3,41.8,1.1,3,1.67
117.900,22.986234,113.352434,16.6,42.6,42.6,42.3,1.1,3,1.65
118.000,22.986224,113.352434,16.6,41.8,41.8,42.6,1.1,3,1.60
118.100,22.986213,113.352436,16.6,43.2,43.2,41.8,1.1,3,1.93
118.200,22.986203,113.352438,16.6,42.0,42.0,43.2,1.1,3,2.26
118.300,22.986192,113.352441,16.6,43.9,43.9,42.0,1.1,3,2.14
118.400,22.986182,113.352445,16.6,43.9,43.9,43.8,1.1,3,1.79
118.500,22.986172,113.352450,16.6,43.6,43.6,43.9,1.1,3,1.75
118.600,22.986161,113.352455,16.6,45.5,45.5,43.6,1.1,3,2.15
118.700,22.986151,113.352461,16.7,45.5,45.5,45.5,1.1,3,2.20
118.800,22.986141,113.352466,16.6,46.1,46.1,45.5,1.1,3,1.68
118.900,22.986130,113.352471,16.7,47.4,47.4,46.1,1.1,3,1.54
119.000,22.986118,113.352476,16.7,48.0,48.0,47.4,1.1,3,2.05
119.100,22.986107,113.352481,16.7,48.5,48.5,48.0,1.1,3,2.27
119.200,22.986095,113.352485,16.7,49.0,49.0,48.5,1.1,3,1.88
119.300,22.986083,113.352488,16.7,49.5,49.5,49.0,1.1,3,1.74
119.400,22.986071,113.352492,16.7,50.1,50.1,49.5,1.1,3,1.68
119.500,22.986059,113.352494,16.7,50.1,50.1,50.1,1.1,3,2.01
119.600,22.986046,113.352496,16.8,50.8,50.8,50.0,1.1,3,1.88
119.700,22.986033,113.352498,16.8,51.5,51.5,50.8,1.1,3,1.40
119.800,22.986020,113.352499,16.8,52.2,52.2,51.5,1.2,3,1.22
119.900,22.986007,113.352499,16.8,51.9,51.9,52.2,1.1,3,1.51
120.000,22.985993,113.352498,16.8,53.6,53.6,51.9,1.1,3,1.50
120.100,22.985980,113.352498,16.9,52.9,52.9,53.6,1.1,3,1.56
120.200,22.985967,113.352497,16.9,53.7,53.7,52.9,1.1,3,1.86
120.300,22.985953,113.352495,16.9,54.3,54.3,53.7,1.1,3,2.76
120.400,22.985940,113.352491,16.9,55.0,55.0,54.3,1.3,3,2.35
120.500,22.985926,113.352488,17.0,55.5,55.5,55.0,1.1,3,2.13
120.600,22.985913,113.352483,17.0,55.2,55.2,55.5,1.1,3,3.15
120.700,22.985899,113.352478,17.0,55.9,55.9,55.2,1.1,3,1.81
120.800,22.985886,113.352473,17.1,57.0,57.0,55.9,1.1,3,1.76
120.900,22.985872,113.352467,17.1,56.7,56.7,57.0,1.1,3,1.89
121.000,22.985860,113.352459,17.1,57.3,57.3,56.7,1.2,3,1.71
121.100,22.985847,113.352451,17.1,58.1,58.1,57.3,1.1,3,1.82
121.200,22.985834,113.352443,17.2,58.3,58.3,58.1,1.1,3,1.72
121.300,22.985822,113.352434,17.2,58.6,58.6,58.2,1.1,3,2.00
121.400,22.985810,113.352425,17.3,59.0,59.0,58.6,1.1,3,2.02
121.500,22.985798,113.352415,17.3,59.3,59.3,59.0,1.1,3,2.15
121.600,22.985786,113.352405,17.3,59.5,59.5,59.3,1.1,3,2.19
121.700,22.985774,113.352394,17.3,60.7,60.7,59.4,1.1,3,2.20
121.800,22.985763,113.352383,17.4,60.6,60.6,60.7,1.1,3,2.12
121.900,22.985751,113.352372,17.5,60.9,60.9,60.6,1.1,3,2.64
122.000,22.985739,113.352362,17.5,61.8,61.8,60.9,1.1,3,2.70
122.100,22.985727,113.352351,17.6,61.6,61.6,61.8,1.1,3,2.16
122.200,22.985714,113.352341,17.6,62.5,62.5,61.6,1.1,3,2.30
122.300,22.985701,113.352330,17.6,63.0,63.0,62.5,1.1,3,2.16
122.400,22.985688,113.352321,17.6,63.6,63.6,63.0,1.1,3,1.78
122.500,22.985675,113.352311,17.7,63.6,63.6,63.6,1.1,3,1.49
122.600,22.985661,113.352302,17.8,63.7,63.7,63.6,1.1,3,3.11
122.700,22.985647,113.352293,17.8,65.0,65.0,63.7,1.1,3,2.35
122.800,22.985633,113.352284,17.9,64.1,64.1,65.0,1.1,3,1.91
122.900,22.985618,113.352278,17.9,64.5,64.5,64.1,1.1,3,2.83
123.000,22.985602,113.352272,17.9,65.3,65.3,64.5,1.1,3,2.06
123.100,22.985587,113.352268,17.9,63.4,63.4,65.3,1.1,3,2.22
123.200,22.985571,113.352264,18.0,63.8,63.8,63.4,1.1,3,1.59
123.300,22.985555,113.352262,18.1,62.6,62.6,63.8,1.1,3,1.46
123.400,22.985539,113.352262,18.0,63.8,63.8,62.6,1.1,3,1.58
123.500,22.985523,113.352262,18.1,61.8,61.8,63.8,1.1,3,1.34
123.600,22.985508,113.352263,18.1,61.4,61.4,61.8,1.1,3,1.68
123.700,22.985493,113.352266,18.1,61.3,61.3,61.4,1.1,3,1.90
123.800,22.985478,113.352270,18.1,60.2,60.2,61.3,1.1,3,1.38
123.900,22.985464,113.352276,18.1,60.4,60.4,60.2,1.1,3,1.26
124.000,22.985450,113.352282,18.1,59.8,59.8,60.4,1.1,3,1.22
124.100,22.985437,113.352290,18.1,58.9,58.9,59.8,1.1,3,1.61
124.200,22.985425,113.352299,18.1,59.7,59.7,58.9,1.1,3,2.05
124.300,22.985413,113.352308,18.2,58.2,58.2,59.7,1.1,3,1.66
124.400,22.985402,113.352319,18.2,59.5,59.5,58.2,1.1,3,2.17
124.500,22.985391,113.352330,18.2,59.0,59.0,59.5,1.1,3,2.57
124.600,22.985382,113.352342,18.2,59.3,59.3,59.0,1.1,3,2.03
124.700,22.985373,113.352354,18.2,58.8,58.8,59.3,1.1,3,1.44
124.800,22.985364,113.352367,18.2,57.3,57.3,58.8,1.1,3,1.45
124.900,22.985357,113.352381,18.2,58.9,58.9,57.3,1.1,3,1.66
125.000,22.985350,113.352395,18.2,57.9,57.9,58.9,1.1,3,2.10
125.100,22.985345,113.352409,18.3,57.3,57.3,57.9,1.1,3,2.24
125.200,22.985341,113.352424,18.3,57.1,57.1,57.2,1.1,3,1.70
125.300,22.985338,113.352439,18.3,56.5,56.5,57.1,1.1,3,1.13
125.400,22.985336,113.352454,18.4,56.8,56.8,56.5,1.1,3,1.47
125.500,22.985336,113.352469,18.3,55.5,55.5,56.8,1.1,3,1.97
125.600,22.985336,113.352484,18.4,55.2,55.2,55.5,1.1,3,2.07
125.700,22.985338,113.352498,18.4,54.9,54.9,55.2,1.1,3,2.72
125.800,22.985341,113.352514,18.4,56.5,56.5,54.9,1.2,3,3.14
125.900,22.985345,113.352528,18.4,54.6,54.6,56.6,1.1,3,2.32
126.000,22.985350,113.352542,18.4,55.7,55.7,54.6,1.1,3,2.09
126.100,22.985356,113.352555,18.3,54.8,54.8,55.7,1.1,3,2.28
126.200,22.985362,113.352568,18.4,55.2,55.2,54.8,1.1,3,2.02
126.300,22.985370,113.352581,18.4,56.9,56.9,55.2,1.1,3,2.21
126.400,22.985378,113.352593,18.4,56.1,56.1,57.0,1.1,3,1.90
126.500,22.985388,113.352604,18.3,55.8,55.8,56.1,1.1,3,1.30
126.600,22.985398,113.352615,18.3,55.3,55.3,55.8,1.1,3,0.59
126.700,22.985408,113.352625,18.3,56.8,56.8,55.3,1.1,3,0.24
126.800,22.985420,113.352633,18.3,55.7,55.7,56.8,1.1,3,0.29
126.900,22.985433,113.352640,18.4,56.9,56.9,55.7,1.1,3,1.31
127.000,22.985446,113.352646,18.3,55.7,55.7,56.8,1.1,3,2.74
127.100,22.985459,113.352651,18.4,57.3,57.3,55.7,1.1,3,3.40
127.200,22.985473,113.352654,18.3,57.0,57.0,57.3,1.1,3,3.71
127.300,22.985487,113.352657,18.3,57.0,57.0,57.0,1.1,3,2.22
127.400,22.985502,113.352658,18.3,57.1,57.1,57.0,1.1,3,1.34
127.500,22.985516,113.352658,18.3,57.0,57.0,57.1,1.1,3,1.77
127.600,22.985530,113.352658,18.3,58.3,58.3,57.0,1.2,3,3.39
127.700,22.985545,113.352657,18.3,58.6,58.6,58.3,1.1,3,2.66
127.800,22.985560,113.352656,18.3,58.8,58.8,58.6,1.1,3,0.79
127.900,22.985575,113.352654,18.3,59.7,59.7,58.8,1.1,3,0.63
128.000,22.985590,113.352653,18.3,61.0,61.0,59.8,1.1,3,2.02
128.100,22.985605,113.352651,18.3,61.2,61.2,61.1,1.1,3,2.19
128.200,22.985621,113.352649,18.3,61.4,61.4,61.2,1.1,3,2.38
128.300,22.985636,113.352648,18.4,61.4,61.4,61.4,1.1,3,2.43
128.400,22.985651,113.352646,18.4,61.4,61.4,61.5,1.1,3,2.26
128.500,22.985667,113.352644,18.4,62.0,62.0,61.3,1.1,3,2.06
128.600,22.985682,113.352643,18.4,62.3,62.3,62.0,1.1,3,2.88
128.700,22.985698,113.352642,18.4,63.5,63.5,62.3,1.1,3,3.10
128.800,22.985715,113.352641,18.4,64.4,64.4,63.5,1.1,3,2.25
128.900,22.985731,113.352640,18.3,64.2,64.2,64.4,1.1,3,1.43
129.000,22.985747,113.352640,18.4,65.2,65.2,64.3,1.1,3,1.62
129.100,22.985763,113.352641,18.4,65.0,65.0,65.2,1.1,3,1.93
129.200,22.985780,113.352643,18.3,65.3,65.3,65.0,1.2,3,2.02
129.300,22.985796,113.352644,18.3,65.0,65.0,65.3,1.2,3,2.71
129.400,22.985812,113.352645,18.3,63.9,63.9,64.9,1.1,3,3.49
129.500,22.985828,113.352647,18.3,63.6,63.6,63.9,1.1,3,3.57
129.600,22.985843,113.352649,18.3,61.5,61.5,63.6,1.1,3,2.10
129.700,22.985858,113.352651,18.3,59.6,59.6,61.5,1.1,3,0.82
129.800,22.985872,113.352654,18.3,59.1,59.1,59.6,1.1,3,2.34
129.900,22.985886,113.352657,18.3,57.4,57.4,59.1,1.1,3,3.17
130.000,22.985900,113.352661,18.3,55.5,55.5,57.4,1.1,3,1.81
130.100,22.985912,113.352667,18.3,53.7,53.7,55.5,1.1,3,1.56
130.200,22.985924,113.352673,18.3,53.1,53.1,53.7,1.1,3,1.91
130.300,22.985935,113.352681,18.3,52.3,52.3,53.1,1.1,3,1.56
130.400,22.985946,113.352689,18.3,51.3,51.3,52.3,1.1,3,1.77
130.500,22.985955,113.352698,18.3,50.0,50.0,51.3,1.1,3,0.81
130.600,22.985963,113.352708,18.3,49.9,49.9,50.0,1.2,3,1.19
130.700,22.985971,113.352719,18.3,49.8,49.8,49.9,1.2,3,1.13
130.800,22.985977,113.352731,18.3,49.2,49.2,49.8,1.1,3,2.08
130.900,22.985982,113.352743,18.3,48.8,48.8,49.2,1.1,3,3.40
131.000,22.985986,113.352755,18.3,47.9,47.9,48.8,1.1,3,3.37
131.100,22.985989,113.352767,18.3,47.9,47.9,47.9,1.2,3,3.09
131.200,22.985991,113.352780,18.3,47.0,47.0,47.9,1.2,3,1.53
131.300,22.985991,113.352793,18.2,46.7,46.7,47.0,1.1,3,0.95
131.400,22.985991,113.352805,18.3,46.6,46.6,46.7,1.1,3,1.75
131.500,22.985989,113.352818,18.2,46.9,46.9,46.5,1.1,3,3.43
131.600,22.985986,113.352830,18.2,46.0,46.0,46.9,1.1,3,2.05
131.700,22.985982,113.352842,18.2,46.2,46.2,46.0,1.1,3,0.94
131.800,22.985977,113.352853,18.2,45.7,45.7,46.2,1.2,3,0.98
131.900,22.985971,113.352863,18.2,45.3,45.3,45.8,1.1,3,3.37
132.000,22.985964,113.352873,18.2,45.3,45.3,45.3,1.1,3,2.89
132.100,22.985955,113.352881,18.1,46.2,46.2,45.3,1.1,3,3.02
132.200,22.985946,113.352889,18.1,46.3,46.3,46.2,1.1,3,2.96
132.300,22.985937,113.352897,18.1,45.7,45.7,46.3,1.2,3,1.59
132.400,22.985927,113.352903,18.1,47.0,47.0,45.7,1.2,3,1.31
132.500,22.985916,113.352908,18.1,46.5,46.5,47.1,1.2,3,4.96
132.600,22.985905,113.352912,18.1,47.4,47.4,46.5,1.1,3,0.45
132.700,22.985893,113.352916,18.2,47.8,47.8,47.4,1.1,3,1.08
132.800,22.985882,113.352919,18.2,48.0,48.0,47.8,1.1,3,2.27
132.900,22.985870,113.352921,18.2,47.7,47.7,48.1,1.1,3,2.48
133.000,22.985858,113.352922,18.2,48.6,48.6,47.7,1.3,3,2.33
133.100,22.985845,113.352922,18.2,49.8,49.8,48.6,1.1,3,1.78
133.200,22.985833,113.352922,18.2,49.0,49.0,49.8,1.1,3,1.28
133.300,22.985821,113.352921,18.2,48.8,48.8,49.0,1.1,3,1.19
133.400,22.985808,113.352920,18.2,50.6,50.6,48.8,1.1,3,2.94
133.500,22.985796,113.352919,18.2,49.0,49.0,50.6,1.1,3,1.11
133.600,22.985783,113.352918,18.2,50.5,50.5,49.0,1.1,3,1.17
133.700,22.985770,113.352916,18.2,51.4,51.4,50.5,1.1,3,1.23
133.800,22.985757,113.352914,18.2,51.8,51.8,51.4,1.1,3,1.92
133.900,22.985744,113.352913,18.2,52.4,52.4,51.8,1.1,3,2.03
134.000,22.985731,113.352912,18.3,53.2,53.2,52.5,1.1,3,1.26
134.100,22.985717,113.352911,18.2,53.6,53.6,53.2,1.1,3,1.25
134.200,22.985704,113.352910,18.3,54.5,54.5,53.6,1.1,3,1.38
134.300,22.985690,113.352909,18.3,55.2,55.2,54.5,1.1,3,1.49
134.400,22.985676,113.352908,18.3,55.7,55.7,55.2,1.1,3,1.41
134.500,22.985662,113.352906,18.3,56.0,56.0,55.7,1.1,3,0.69
134.600,22.985647,113.352905,18.3,57.1,57.1,55.9,1.1,3,1.53
134.700,22.985633,113.352903,18.3,57.2,57.2,57.1,1.1,3,1.34
134.800,22.985619,113.352902,18.3,56.7,56.7,57.2,1.1,3,1.21
134.900,22.985604,113.352900,18.3,58.5,58.5,56.7,1.1,3,1.22
135.000,22.985589,113.352899,18.4,59.1,59.1,58.5,1.1,3,1.19
135.100,22.985575,113.352897,18.4,59.4,59.4,59.1,1.1,3,1.53
135.200,22.985560,113.352896,18.3,59.5,59.5,59.4,1.2,3,1.50
135.300,22.985545,113.352894,18.3,60.5,60.5,59.5,1.2,3,1.37
135.400,22.985529,113.352893,18.3,60.9,60.9,60.5,1.4,3,0.75
135.500,22.985514,113.352892,18.3,61.0,61.0,60.9,1.2,3,0.79
135.600,22.985499,113.352891,18.3,61.8,61.8,61.0,1.2,3,1.24
135.700,22.985483,113.352890,18.4,62.4,62.4,61.8,1.2,3,0.96
135.800,22.985467,113.352890,18.4,62.4,62.4,62.4,1.2,3,0.74
135.900,22.985451,113.352890,18.4,63.5,63.5,62.4,1.2,3,1.13
136.000,22.985435,113.352890,18.4,63.1,63.1,63.5,1.2,3,1.41
136.100,22.985419,113.352890,18.4,64.1,64.1,63.1,1.2,3,2.09
136.200,22.985403,113.352890,18.4,64.7,64.7,64.1,1.2,3,2.01
136.300,22.985387,113.352891,18.4,65.1,65.1,64.7,1.2,3,1.80
136.400,22.985370,113.352891,18.5,65.9,65.9,65.1,1.2,3,1.35
136.500,22.985353,113.352892,18.5,66.1,66.1,65.8,1.2,3,1.41
136.600,22.985337,113.352892,18.5,65.7,65.7,66.1,1.2,3,1.55
136.700,22.985320,113.352892,18.5,65.7,65.7,65.7,1.2,3,1.14
136.800,22.985304,113.352891,18.5,66.6,66.6,65.7,1.2,3,0.99
136.900,22.985287,113.352890,18.5,67.4,67.4,66.6,1.2,3,1.16
137.000,22.985270,113.352889,18.5,67.4,67.4,67.4,1.2,3,1.24
137.100,22.985253,113.352888,18.5,68.5,68.5,67.4,1.2,3,1.09
137.200,22.985236,113.352886,18.5,68.6,68.6,68.5,1.2,3,1.51
137.300,22.985218,113.352885,18.5,69.0,69.0,68.6,1.2,3,1.41
137.400,22.985201,113.352884,18.5,69.4,69.4,68.9,1.2,3,1.36
137.500,22.985183,113.352883,18.5,70.1,70.1,69.3,1.2,3,1.95
137.600,22.985166,113.352882,18.5,69.8,69.8,70.1,1.2,3,0.69
137.700,22.985148,113.352881,18.5,71.2,71.2,69.8,1.2,3,0.95
137.800,22.985130,113.352881,18.5,70.7,70.7,71.2,1.2,3,1.48
137.900,22.985112,113.352881,18.5,70.6,70.6,70.7,1.2,3,1.65
138.000,22.985094,113.352880,18.6,72.0,72.0,70.6,1.2,3,2.02
138.100,22.985076,113.352881,18.5,71.1,71.1,72.0,1.2,3,1.26
138.200,22.985058,113.352881,18.5,72.3,72.3,71.1,1.2,3,1.60
138.300,22.985040,113.352881,18.5,71.6,71.6,72.3,1.2,3,1.23
138.400,22.985022,113.352882,18.5,71.4,71.4,71.6,1.3,3,1.11
138.500,22.985004,113.352883,18.5,72.3,72.3,71.4,1.2,3,1.06
138.600,22.984986,113.352885,18.5,71.6,71.6,72.3,1.1,3,1.12
138.700,22.984968,113.352888,18.5,71.1,71.1,71.6,1.1,3,1.65
138.800,22.984951,113.352892,18.5,71.5,71.5,71.1,1.1,3,0.64
138.900,22.984934,113.352897,18.5,71.1,71.1,71.5,1.1,3,0.57
139.000,22.984916,113.352903,18.6,71.8,71.8,71.1,1.1,3,1.16
139.100,22.984900,113.352909,18.5,69.9,69.9,71.8,1.1,3,1.41
139.200,22.984883,113.352917,18.6,70.5,70.5,69.9,1.1,3,0.78
139.300,22.984868,113.352925,18.6,70.1,70.1,70.5,1.1,3,0.33
139.400,22.984853,113.352935,18.6,68.8,68.8,70.1,1.1,3,1.09
139.500,22.984838,113.352946,18.6,70.0,70.0,68.8,1.1,3,2.02
139.600,22.984825,113.352957,18.6,68.7,68.7,70.0,1.1,3,1.55
139.700,22.984811,113.352969,18.6,69.6,69.6,68.7,1.1,3,1.72
139.800,22.984798,113.352982,18.6,69.9,69.9,69.6,1.1,3,1.08
139.900,22.984786,113.352995,18.6,69.8,69.8,69.9,1.1,3,2.07
140.000,22.984773,113.353008,18.6,69.0,69.0,69.8,1.1,3,0.94
140.100,22.984762,113.353022,18.7,68.7,68.7,69.0,1.1,3,1.00
140.200,22.984750,113.353036,18.7,68.2,68.2,68.7,1.1,3,1.35
140.300,22.984739,113.353049,18.7,67.7,67.7,68.2,1.1,3,0.93
140.400,22.984728,113.353063,18.7,66.7,66.7,67.7,1.2,3,1.01
140.500,22.984717,113.353077,18.7,66.6,66.6,66.7,1.2,3,0.51
140.600,22.984707,113.353091,18.7,65.6,65.6,66.6,1.2,3,1.01
140.700,22.984697,113.353105,18.8,64.6,64.6,65.6,1.2,3,1.33
140.800,22.984687,113.353118,18.8,63.5,63.5,64.6,1.3,3,0.90
140.900,22.984678,113.353131,18.8,62.0,62.0,63.5,1.2,3,0.92
141.000,22.984669,113.353145,18.8,61.0,61.0,62.0,1.2,3,0.87
141.100,22.984659,113.353158,18.8,60.3,60.3,61.0,1.3,3,1.53
141.200,22.984650,113.353170,18.9,59.3,59.3,60.3,1.3,3,1.18
141.300,22.984640,113.353182,18.8,58.2,58.2,59.3,1.3,3,1.16
141.400,22.984631,113.353193,18.9,56.9,56.9,58.2,1.4,3,1.55
141.500,22.984621,113.353204,18.9,55.5,55.5,56.9,1.4,3,1.23
141.600,22.984611,113.353215,18.9,54.6,54.6,55.5,1.4,3,1.36
141.700,22.984601,113.353225,18.9,53.8,53.8,54.6,1.4,3,0.91
141.800,22.984592,113.353234,18.9,52.9,52.9,53.8,1.4,3,1.20
141.900,22.984581,113.353243,18.9,52.0,52.0,52.9,1.4,3,1.43
142.000,22.984571,113.353251,18.9,51.8,51.8,52.0,1.4,3,1.16
142.100,22.984560,113.353259,18.9,51.7,51.7,51.8,1.4,3,0.80
142.200,22.984548,113.353265,19.0,51.6,51.6,51.7,1.4,3,0.77
142.300,22.984536,113.353270,18.9,50.6,50.6,51.6,1.4,3,1.21
142.400,22.984524,113.353274,19.0,49.5,49.5,50.6,1.4,3,0.63
142.500,22.984513,113.353277,19.0,47.5,47.5,49.5,1.4,3,0.67
142.600,22.984501,113.353278,19.0,47.6,47.6,47.5,1.4,3,0.89
142.700,22.984489,113.353279,19.0,47.9,47.9,47.6,1.6,3,0.99
142.800,22.984477,113.353278,19.0,46.5,46.5,47.9,1.3,3,1.72
142.900,22.984466,113.353276,19.0,46.6,46.6,46.4,1.6,3,1.17
143.000,22.984454,113.353274,19.0,46.3,46.3,46.6,1.6,3,1.08
143.100,22.984443,113.353272,19.0,45.5,45.5,46.3,1.6,3,1.20
143.200,22.984432,113.353268,19.0,44.4,44.4,45.5,1.6,3,1.14
143.300,22.984421,113.353264,19.0,45.5,45.5,44.4,1.3,3,0.83
143.400,22.984411,113.353260,19.0,45.0,45.0,45.5,1.3,3,0.61
143.500,22.984401,113.353256,19.0,42.9,42.9,45.0,1.2,3,1.13
143.600,22.984392,113.353249,19.0,43.6,43.6,42.9,1.2,3,0.81
143.700,22.984383,113.353242,19.0,44.0,44.0,43.6,1.2,3,0.90
143.800,22.984375,113.353235,19.0,42.7,42.7,44.0,1.4,3,0.97
143.900,22.984367,113.353227,18.9,42.0,42.0,42.7,1.2,3,1.47
144.000,22.984359,113.353219,18.8,43.0,43.0,41.9,1.2,3,1.19
144.100,22.984352,113.353211,18.8,41.6,41.6,43.0,1.2,3,1.01
144.200,22.984345,113.353203,18.7,42.3,42.3,41.6,1.2,3,1.25
144.300,22.984337,113.353195,18.6,42.9,42.9,42.3,1.2,3,1.47
144.400,22.984330,113.353186,18.6,41.4,41.4,42.9,1.4,3,1.08
144.500,22.984323,113.353178,18.5,41.6,41.6,41.4,1.2,3,0.55
144.600,22.984317,113.353170,18.5,41.9,41.9,41.6,1.2,3,1.26
144.700,22.984310,113.353161,18.4,41.0,41.0,41.9,1.2,3,1.27
144.800,22.984304,113.353152,18.4,41.2,41.2,41.0,1.2,3,1.15
144.900,22.984298,113.353144,18.3,40.8,40.8,41.2,1.2,3,1.13
145.000,22.984292,113.353134,18.3,40.8,40.8,40.8,1.3,3,1.29
145.100,22.984287,113.353125,18.3,40.3,40.3,40.9,1.2,3,1.15
145.200,22.984282,113.353116,18.2,40.6,40.6,40.3,1.2,3,0.75
145.300,22.984277,113.353106,18.2,40.3,40.3,40.6,1.2,3,0.81
145.400,22.984274,113.353096,18.2,40.0,40.0,40.4,1.2,3,0.98
145.500,22.984271,113.353086,18.1,40.6,40.6,40.0,1.2,3,1.30
145.600,22.984269,113.353075,18.0,40.8,40.8,40.6,1.2,3,0.72
145.700,22.984267,113.353064,18.0,40.3,40.3,40.8,1.2,3,1.18
145.800,22.984266,113.353053,18.0,40.1,40.1,40.3,1.3,3,1.14
145.900,22.984266,113.353042,18.0,40.4,40.4,40.1,1.2,3,1.02
146.000,22.984267,113.353032,18.0,39.3,39.3,40.4,1.2,3,0.90
146.100,22.984269,113.353021,17.9,40.8,40.8,39.3,1.3,3,0.52
146.200,22.984271,113.353010,17.9,39.9,39.9,40.8,1.3,3,1.10
146.300,22.984273,113.352999,17.9,41.2,41.2,40.0,1.3,3,1.05
146.400,22.984276,113.352989,17.9,40.1,40.1,41.2,1.3,3,0.96
146.500,22.984280,113.352979,17.9,40.6,40.6,40.1,1.3,3,1.62
146.600,22.984284,113.352969,17.8,40.6,40.6,40.6,1.3,3,1.92
146.700,22.984289,113.352959,17.8,40.3,40.3,40.6,1.3,3,1.12
146.800,22.984295,113.352950,17.8,41.3,41.3,40.3,1.3,3,0.94
146.900,22.984300,113.352940,17.8,41.1,41.1,41.3,1.3,3,1.17
147.000,22.984306,113.352932,17.8,40.3,40.3,41.1,1.3,3,1.23
147.100,22.984313,113.352923,17.7,41.0,41.0,40.3,1.3,3,0.74
147.200,22.984319,113.352914,17.7,41.4,41.4,41.0,1.3,3,1.22
147.300,22.984326,113.352906,17.7,41.4,41.4,41.4,1.3,3,1.48
147.400,22.984333,113.352897,17.7,41.1,41.1,41.4,1.3,3,1.09
147.500,22.984340,113.352889,17.7,41.6,41.6,41.1,1.3,3,1.21
147.600,22.984347,113.352881,17.8,41.8,41.8,41.6,1.3,3,1.15
147.700,22.984355,113.352873,17.7,41.5,41.5,41.8,1.3,3,1.24
147.800,22.984362,113.352865,17.7,42.4,42.4,41.5,1.3,3,0.80
147.900,22.984370,113.352857,17.7,42.1,42.1,42.4,1.3,3,0.91
148.000,22.984378,113.352850,17.7,42.7,42.7,42.1,1.3,3,0.87
148.100,22.984386,113.352842,17.6,43.1,43.1,42.7,1.3,3,0.84
148.200,22.984395,113.352835,17.6,42.2,42.2,43.1,1.3,3,0.44
148.300,22.984403,113.352828,17.6,42.9,42.9,42.2,1.3,3,0.53
148.400,22.984412,113.352821,17.6,42.8,42.8,42.9,1.3,3,0.48
148.500,22.984421,113.352814,17.5,42.8,42.8,42.8,1.3,3,0.44
148.600,22.984430,113.352808,17.6,42.7,42.7,42.8,1.3,3,0.63
148.700,22.984438,113.352801,17.5,42.4,42.4,42.7,1.3,3,1.10
148.800,22.984448,113.352795,17.6,43.7,43.7,42.4,1.3,3,1.85
148.900,22.984457,113.352789,17.5,43.3,43.3,43.7,1.3,3,1.46
149.000,22.984466,113.352783,17.5,43.2,43.2,43.3,1.3,3,1.99
149.100,22.984476,113.352777,17.5,43.8,43.8,43.2,1.3,3,2.08
149.200,22.984485,113.352771,17.5,43.7,43.7,43.8,1.3,3,1.79
149.300,22.984495,113.352765,17.5,43.6,43.6,43.7,1.3,3,0.87
149.400,22.984504,113.352758,17.5,44.4,44.4,43.6,1.3,3,0.98
149.500,22.984513,113.352752,17.5,44.2,44.2,44.4,1.2,3,0.99
149.600,22.984523,113.352745,17.5,44.3,44.3,44.2,1.2,3,0.71
149.700,22.984532,113.352738,17.5,44.3,44.3,44.3,1.2,3,0.57
149.800,22.984541,113.352731,17.5,44.4,44.4,44.3,1.3,3,0.83
149.900,22.984550,113.352724,17.6,44.6,44.6,44.5,1.2,3,0.82
150.000,22.984559,113.352717,17.6,44.2,44.2,44.6,1.2,3,0.41
150.100,22.984568,113.352710,17.6,44.8,44.8,44.2,1.2,3,0.54
150.200,22.984577,113.352702,17.6,44.6,44.6,44.8,1.2,3,0.95
150.300,22.984586,113.352695,17.6,44.7,44.7,44.6,1.2,3,1.18
150.400,22.984595,113.352688,17.6,45.0,45.0,44.7,1.2,3,0.91
150.500,22.984604,113.352681,17.7,45.2,45.2,45.0,1.2,3,1.54
150.600,22.984613,113.352673,17.7,44.3,44.3,45.2,1.2,3,1.79
150.700,22.984622,113.352666,17.7,44.4,44.4,44.3,1.2,3,1.39
150.800,22.984631,113.352659,17.7,44.0,44.0,44.5,1.2,3,1.06
150.900,22.984639,113.352652,17.7,43.7,43.7,44.0,1.2,3,1.17
151.000,22.984648,113.352644,17.7,44.6,44.6,43.7,1.2,3,0.69
151.100,22.984657,113.352637,17.7,43.8,43.8,44.6,1.2,3,0.81
151.200,22.984665,113.352629,17.7,43.7,43.7,43.8,1.2,3,1.17
151.300,22.984674,113.352622,17.7,44.1,44.1,43.7,1.2,3,1.46
151.400,22.984682,113.352614,17.7,43.7,43.7,44.1,1.2,3,1.20
151.500,22.984690,113.352606,17.7,44.4,44.4,43.7,1.2,3,1.22
151.600,22.984699,113.352598,17.6,44.5,44.5,44.4,1.2,3,0.99
151.700,22.984707,113.352590,17.6,43.7,43.7,44.5,1.2,3,0.90
151.800,22.984715,113.352582,17.6,44.0,44.0,43.7,1.2,3,0.73
151.900,22.984723,113.352573,17.7,44.4,44.4,44.0,1.2,3,1.23
152.000,22.984731,113.352565,17.7,43.2,43.2,44.4,1.2,3,1.33
152.100,22.984739,113.352557,17.6,44.1,44.1,43.2,1.2,3,1.30
152.200,22.984747,113.352549,17.6,43.9,43.9,44.1,1.2,3,1.11
152.300,22.984755,113.352540,17.6,44.1,44.1,44.0,1.2,3,1.56
152.400,22.984763,113.352532,17.6,44.3,44.3,44.1,1.2,3,0.91
152.500,22.984770,113.352523,17.6,44.2,44.2,44.3,1.2,3,0.75
152.600,22.984778,113.352515,17.6,42.6,42.6,44.2,1.2,3,0.87
152.700,22.984786,113.352507,17.6,43.4,43.4,42.6,1.2,3,1.00
152.800,22.984793,113.352498,17.6,43.1,43.1,43.4,1.2,3,0.71
152.900,22.984800,113.352490,17.6,42.2,42.2,43.1,1.3,3,1.01
153.000,22.984808,113.352481,17.6,42.4,42.4,42.2,1.3,3,1.34
153.100,22.984815,113.352473,17.6,42.7,42.7,42.4,1.2,3,1.24
153.200,22.984822,113.352464,17.6,42.5,42.5,42.7,1.2,3,0.85
153.300,22.984829,113.352456,17.6,42.2,42.2,42.5,1.2,3,1.09
153.400,22.984836,113.352447,17.6,41.4,41.4,42.2,1.3,3,1.03
153.500,22.984843,113.352439,17.6,41.5,41.5,41.4,1.2,3,0.84
153.600,22.984850,113.352430,17.6,41.6,41.6,41.5,1.2,3,1.09
153.700,22.984857,113.352422,17.6,40.6,40.6,41.6,1.2,3,1.49
153.800,22.984863,113.352414,17.6,39.6,39.6,40.6,1.2,3,1.05
153.900,22.984870,113.352406,17.6,39.2,39.2,39.6,1.3,3,1.20
154.000,22.984876,113.352398,17.6,38.4,38.4,39.2,1.3,3,1.17
154.100,22.984882,113.352390,17.6,37.5,37.5,38.3,1.3,3,1.01
154.200,22.984888,113.352383,17.6,37.8,37.8,37.5,1.2,3,0.73
154.300,22.984894,113.352375,17.5,36.2,36.2,37.8,1.2,3,0.94
154.400,22.984900,113.352368,17.5,35.9,35.9,36.3,1.3,3,0.65
154.500,22.984906,113.352361,17.5,36.0,36.0,36.0,1.3,3,0.57
154.600,22.984912,113.352353,17.6,34.9,34.9,36.0,1.3,3,0.94
154.700,22.984918,113.352346,17.5,35.0,35.0,34.9,1.2,3,1.50
154.800,22.984923,113.352339,17.5,34.2,34.2,35.0,1.2,3,1.02
154.900,22.984929,113.352332,17.5,33.6,33.6,34.2,1.2,3,1.20
155.000,22.984934,113.352326,17.5,33.3,33.3,33.7,1.2,3,1.41
155.100,22.984940,113.352319,17.5,33.3,33.3,33.3,1.2,3,1.23
155.200,22.984945,113.352312,17.5,32.5,32.5,33.3,1.2,3,0.68
155.300,22.984951,113.352306,17.5,31.4,31.4,32.5,1.2,3,1.32
155.400,22.984956,113.352300,17.5,30.8,30.8,31.4,1.2,3,0.94
155.500,22.984961,113.352293,17.5,30.6,30.6,30.8,1.2,3,0.92
155.600,22.984966,113.352287,17.5,30.0,30.0,30.6,1.2,3,1.22
155.700,22.984971,113.352281,17.5,29.2,29.2,30.0,1.2,3,1.49
155.800,22.984975,113.352275,17.5,28.4,28.4,29.2,1.3,3,0.84
155.900,22.984980,113.352270,17.5,28.1,28.1,28.4,1.2,3,0.74
156.000,22.984985,113.352264,17.5,27.3,27.3,28.2,1.2,3,0.92
156.100,22.984989,113.352259,17.5,26.6,26.6,27.3,1.2,3,0.89
156.200,22.984994,113.352254,17.6,26.2,26.2,26.6,1.2,3,0.36
156.300,22.984998,113.352249,17.6,25.1,25.1,26.2,1.2,3,0.99
156.400,22.985003,113.352244,17.6,25.0,25.0,25.1,1.3,3,1.43
156.500,22.985007,113.352239,17.6,24.2,24.2,25.0,1.2,3,1.50
156.600,22.985011,113.352234,17.6,23.5,23.5,24.2,1.3,3,1.13
156.700,22.985015,113.352230,17.6,23.2,23.2,23.5,1.6,3,1.49
156.800,22.985018,113.352226,17.6,22.1,22.1,23.2,1.3,3,0.94
156.900,22.985022,113.352221,17.6,22.2,22.2,22.1,1.3,3,0.77
157.000,22.985026,113.352217,17.6,19.8,19.8,22.2,1.4,3,0.91
157.100,22.985029,113.352213,17.6,19.0,19.0,19.8,1.2,3,0.94
157.200,22.985032,113.352210,17.6,18.7,18.7,19.0,1.2,3,0.64
157.300,22.985035,113.352206,17.6,17.5,17.5,18.8,1.2,3,0.99
157.400,22.985038,113.352202,17.6,17.6,17.6,17.5,1.2,3,1.21
157.500,22.985041,113.352199,17.6,17.9,17.9,17.6,1.3,3,0.79
157.600,22.985044,113.352195,17.6,17.3,17.3,17.9,1.4,3,1.31
157.700,22.985047,113.352191,17.6,17.8,17.8,17.4,1.3,3,1.21
157.800,22.985049,113.352187,17.7,17.5,17.5,17.8,1.2,3,1.27
157.900,22.985052,113.352183,17.7,17.3,17.3,17.5,1.3,3,1.08
158.000,22.985054,113.352180,17.6,17.2,17.2,17.4,1.3,3,1.69
158.100,22.985057,113.352176,17.7,17.3,17.3,17.2,1.3,3,0.77
158.200,22.985059,113.352172,17.7,16.5,16.5,17.3,1.5,3,1.01
158.300,22.985060,113.352168,17.7,16.8,16.8,16.6,1.4,3,1.14
158.400,22.985062,113.352164,17.7,15.9,15.9,16.7,1.3,3,1.11
158.500,22.985064,113.352160,17.6,15.1,15.1,15.9,1.2,3,0.79
158.600,22.985065,113.352156,17.7,15.0,15.0,15.1,1.3,3,1.49
158.700,22.985066,113.352153,17.6,14.0,14.0,14.9,1.3,3,1.28
158.800,22.985067,113.352149,17.6,14.5,14.5,14.0,1.4,3,1.06
158.900,22.985068,113.352145,17.6,13.0,13.0,14.5,1.4,3,1.44
159.000,22.985069,113.352142,17.6,12.7,12.7,13.0,1.4,3,0.88
159.100,22.985069,113.352139,17.7,12.1,12.1,12.7,1.3,3,0.77
159.200,22.985069,113.352135,17.6,12.4,12.4,12.1,1.3,3,0.96
159.300,22.985069,113.352132,17.7,11.6,11.6,12.5,1.3,3,1.21
159.400,22.985070,113.352129,17.7,11.9,11.9,11.6,1.3,3,0.57
159.500,22.985070,113.352126,17.6,12.2,12.2,12.0,1.3,3,0.60
159.600,22.985070,113.352122,17.7,11.9,11.9,12.2,1.3,3,0.76
159.700,22.985071,113.352119,17.6,12.5,12.5,11.9,1.3,3,0.67
159.800,22.985071,113.352116,17.6,12.8,12.8,12.5,1.2,3,0.52
159.900,22.985072,113.352112,17.6,11.7,11.7,12.9,1.2,3,0.96
160.000,22.985072,113.352109,17.6,11.9,11.9,11.8,1.2,3,1.39
160.100,22.985072,113.352106,17.6,12.1,12.1,11.9,1.2,3,1.73
160.200,22.985072,113.352103,17.6,12.2,12.2,12.1,1.2,3,1.92
160.300,22.985073,113.352099,17.6,11.6,11.6,12.2,1.2,3,1.82
160.400,22.985073,113.352096,17.5,11.2,11.2,11.6,1.4,3,0.83
160.500,22.985073,113.352093,17.5,11.1,11.1,11.2,1.3,3,0.97
160.600,22.985073,113.352090,17.5,11.4,11.4,11.1,1.4,3,1.04
160.700,22.985073,113.352087,17.6,12.9,12.9,11.4,1.3,3,0.49
160.800,22.985074,113.352084,17.6,10.4,10.4,12.9,1.2,3,0.61
160.900,22.985074,113.352081,17.6,9.9,9.9,10.4,1.2,3,1.05
161.000,22.985074,113.352079,17.6,9.1,9.1,9.9,1.3,3,0.71
161.100,22.985074,113.352076,17.7,9.9,9.9,9.1,1.3,3,1.03
161.200,22.985074,113.352074,17.6,8.8,8.8,9.9,1.3,3,1.46
161.300,22.985074,113.352071,17.7,8.6,8.6,8.9,1.2,3,0.99
161.400,22.985074,113.352070,17.5,7.1,7.1,8.6,1.2,3,0.93
161.500,22.985074,113.352068,17.5,5.9,5.9,7.2,1.2,3,1.25
161.600,22.985075,113.352066,17.5,8.0,8.0,6.0,1.3,3,0.98
161.700,22.985075,113.352064,17.6,7.1,7.1,8.1,1.3,3,0.81
161.800,22.985076,113.352062,17.6,6.9,6.9,7.1,1.3,3,1.52
161.900,22.985076,113.352060,17.6,7.2,7.2,6.9,1.1,3,1.53
162.000,22.985077,113.352059,17.6,6.4,6.4,7.2,1.3,3,1.01
162.100,22.985078,113.352057,17.5,6.8,6.8,6.4,1.3,3,1.23
162.200,22.985078,113.352056,17.6,6.8,6.8,6.9,1.3,3,1.01
162.300,22.985079,113.352054,17.6,6.5,6.5,6.8,1.2,3,0.91
162.400,22.985080,113.352053,17.5,6.5,6.5,6.5,1.2,3,0.89
162.500,22.985081,113.352052,17.4,5.0,5.0,6.5,1.2,3,0.88
162.600,22.985082,113.352050,17.5,6.5,6.5,5.1,1.2,3,0.32
162.700,22.985083,113.352049,17.5,4.8,4.8,6.6,1.2,3,0.56
162.800,22.985084,113.352048,17.6,5.4,5.4,4.9,1.1,3,0.92
162.900,22.985084,113.352047,17.6,5.3,5.3,5.4,1.1,3,0.87
163.000,22.985085,113.352046,17.6,4.8,4.8,5.4,1.1,3,1.03
163.100,22.985086,113.352045,17.6,4.9,4.9,4.8,1.2,3,1.25
163.200,22.985087,113.352044,17.6,3.0,3.0,4.9,1.2,3,0.86
163.300,22.985087,113.352044,17.6,2.5,2.5,3.0,1.2,3,1.15
163.400,22.985087,113.352043,17.6,2.5,2.5,2.5,1.2,3,1.68
163.500,22.985087,113.352043,17.6,2.1,2.1,2.6,1.2,3,1.29
163.600,22.985088,113.352042,17.6,1.8,1.8,2.1,1.2,3,1.66
163.700,22.985088,113.352042,17.6,1.4,1.4,1.8,1.1,3,1.66
163.800,22.985088,113.352041,17.6,1.7,1.7,1.4,1.2,3,1.15
163.900,22.985088,113.352041,17.6,0.5,0.5,1.7,1.2,3,1.32
164.000,22.985088,113.352041,17.6,1.5,1.5,0.5,1.4,3,1.30
164.100,22.985089,113.352041,17.6,1.5,1.5,1.5,1.2,3,0.91
164.200,22.985090,113.352041,17.7,3.1,3.1,1.5,1.2,3,0.78
164.300,22.985090,113.352040,17.6,4.3,4.3,3.1,1.1,3,0.85
164.400,22.985091,113.352040,17.7,2.0,2.0,4.3,1.2,3,0.42
164.500,22.985092,113.352040,17.7,2.8,2.8,2.0,1.2,3,0.79
164.600,22.985092,113.352040,17.7,1.3,1.3,2.8,1.4,3,1.31
164.700,22.985092,113.352040,17.7,0.9,0.9,1.3,1.2,3,1.13
164.800,22.985092,113.352040,17.7,0.2,0.2,0.9,1.2,3,1.32
164.900,22.985092,113.352040,17.6,0.2,0.2,0.2,1.2,3,1.45
165.000,22.985092,113.352040,17.6,0.5,0.5,0.1,1.2,3,0.96
165.100,22.985092,113.352040,17.6,0.4,0.4,0.5,1.2,3,1.15
165.200,22.985092,113.352040,17.6,0.3,0.3,0.5,1.2,3,1.34
165.300,22.985091,113.352040,17.5,0.6,0.6,0.4,1.3,3,0.84
165.400,22.985091,113.352040,17.5,0.4,0.4,0.6,1.4,3,1.25
165.500,22.985091,113.352040,17.5,0.7,0.7,0.5,1.4,3,1.54
165.600,22.985091,113.352040,17.5,1.2,1.2,0.7,1.3,3,0.80
165.700,22.985090,113.352040,17.6,1.6,1.6,1.2,1.4,3,1.17
165.800,22.985090,113.352041,17.4,1.6,1.6,1.8,1.2,3,1.03
165.900,22.985090,113.352041,17.4,2.5,2.5,1.6,1.2,3,0.75
166.000,22.985089,113.352041,17.5,1.5,1.5,2.5,1.3,3,0.70
166.100,22.985089,113.352041,17.5,1.3,1.3,1.5,1.4,3,1.28
166.200,22.985089,113.352041,17.5,1.7,1.7,1.3,1.2,3,1.16
166.300,22.985088,113.352041,17.4,1.5,1.5,1.7,1.2,3,1.54
166.400,22.985088,113.352041,17.4,0.7,0.7,1.5,1.1,3,2.33
166.500,22.985088,113.352041,17.4,1.1,1.1,0.7,1.1,3,1.53
166.600,22.985088,113.352041,17.4,0.4,0.4,1.1,1.4,3,1.34
166.700,22.985088,113.352041,17.4,0.6,0.6,0.4,1.4,3,1.34
166.800,22.985088,113.352041,17.4,0.6,0.6,0.6,1.4,3,0.78
166.900,22.985088,113.352042,17.4,0.6,0.6,0.6,1.2,3,0.49
167.000,22.985088,113.352042,17.4,0.7,0.7,0.6,1.2,3,0.75
167.100,22.985088,113.352042,17.4,0.8,0.8,0.7,1.2,3,0.28
167.200,22.985088,113.352042,17.4,0.8,0.8,0.9,1.2,3,0.26
167.300,22.985088,113.352042,17.3,0.2,0.2,0.8,1.2,3,0.76
167.400,22.985088,113.352042,17.3,0.4,0.4,0.2,1.1,3,0.64
167.500,22.985088,113.352042,17.3,0.1,0.1,0.4,1.1,3,0.87
167.600,22.985088,113.352042,17.4,0.5,0.5,0.1,1.1,3,1.52
167.700,22.985088,113.352042,17.4,1.6,1.6,0.5,1.2,3,1.12
167.800,22.985088,113.352041,17.4,1.1,1.1,1.7,1.1,3,1.57
167.900,22.985089,113.352041,17.3,1.5,1.5,1.1,1.1,3,1.36
168.000,22.985089,113.352041,17.3,0.9,0.9,1.5,1.2,3,0.80
168.090,22.985089,113.352041,17.3,0.3,0.3,0.9,1.2,3,0.79
168.180,22.985090,113.352042,17.3,0.7,0.7,0.3,1.2,3,1.31
168.270,22.985090,113.352042,17.3,0.3,0.3,0.6,1.2,3,0.85
